mode: set
github.com/divyo-argha/git-user/internal/bundle/bundle.go:41.72,43.16 2 1
github.com/divyo-argha/git-user/internal/bundle/bundle.go:43.16,45.3 1 0
github.com/divyo-argha/git-user/internal/bundle/bundle.go:47.2,48.58 2 1
github.com/divyo-argha/git-user/internal/bundle/bundle.go:48.58,50.3 1 0
github.com/divyo-argha/git-user/internal/bundle/bundle.go:52.2,53.16 2 1
github.com/divyo-argha/git-user/internal/bundle/bundle.go:53.16,55.3 1 0
github.com/divyo-argha/git-user/internal/bundle/bundle.go:57.2,58.16 2 1
github.com/divyo-argha/git-user/internal/bundle/bundle.go:58.16,60.3 1 0
github.com/divyo-argha/git-user/internal/bundle/bundle.go:61.2,62.16 2 1
github.com/divyo-argha/git-user/internal/bundle/bundle.go:62.16,64.3 1 0
github.com/divyo-argha/git-user/internal/bundle/bundle.go:66.2,67.59 2 1
github.com/divyo-argha/git-user/internal/bundle/bundle.go:67.59,69.3 1 0
github.com/divyo-argha/git-user/internal/bundle/bundle.go:71.2,77.17 6 1
github.com/divyo-argha/git-user/internal/bundle/bundle.go:81.66,82.30 1 1
github.com/divyo-argha/git-user/internal/bundle/bundle.go:82.30,84.3 1 1
github.com/divyo-argha/git-user/internal/bundle/bundle.go:86.2,90.16 4 1
github.com/divyo-argha/git-user/internal/bundle/bundle.go:90.16,92.3 1 0
github.com/divyo-argha/git-user/internal/bundle/bundle.go:94.2,95.16 2 1
github.com/divyo-argha/git-user/internal/bundle/bundle.go:95.16,97.3 1 0
github.com/divyo-argha/git-user/internal/bundle/bundle.go:98.2,99.16 2 1
github.com/divyo-argha/git-user/internal/bundle/bundle.go:99.16,101.3 1 0
github.com/divyo-argha/git-user/internal/bundle/bundle.go:103.2,103.33 1 1
github.com/divyo-argha/git-user/internal/bundle/bundle.go:103.33,105.3 1 0
github.com/divyo-argha/git-user/internal/bundle/bundle.go:106.2,110.16 4 1
github.com/divyo-argha/git-user/internal/bundle/bundle.go:110.16,112.3 1 1
github.com/divyo-argha/git-user/internal/bundle/bundle.go:114.2,115.50 2 1
github.com/divyo-argha/git-user/internal/bundle/bundle.go:115.50,117.3 1 0
github.com/divyo-argha/git-user/internal/bundle/bundle.go:118.2,118.26 1 1
github.com/divyo-argha/git-user/internal/keyring/keyring.go:18.43,19.16 1 1
github.com/divyo-argha/git-user/internal/keyring/keyring.go:19.16,21.3 1 1
github.com/divyo-argha/git-user/internal/keyring/keyring.go:23.2,24.119 2 1
github.com/divyo-argha/git-user/internal/keyring/keyring.go:24.119,26.3 1 1
github.com/divyo-argha/git-user/internal/keyring/keyring.go:27.2,27.12 1 1
github.com/divyo-argha/git-user/internal/keyring/keyring.go:30.66,33.2 2 1
github.com/divyo-argha/git-user/internal/keyring/keyring.go:35.64,37.32 2 1
github.com/divyo-argha/git-user/internal/keyring/keyring.go:37.32,39.3 1 1
github.com/divyo-argha/git-user/internal/keyring/keyring.go:40.2,40.38 1 1
github.com/divyo-argha/git-user/internal/keyring/keyring.go:43.57,45.32 2 1
github.com/divyo-argha/git-user/internal/keyring/keyring.go:45.32,47.3 1 1
github.com/divyo-argha/git-user/internal/keyring/keyring.go:48.2,48.33 1 1
github.com/divyo-argha/git-user/internal/tui/components/action_menu.go:27.81,31.2 3 1
github.com/divyo-argha/git-user/internal/tui/components/action_menu.go:37.67,43.19 2 1
github.com/divyo-argha/git-user/internal/tui/components/action_menu.go:43.19,45.3 1 1
github.com/divyo-argha/git-user/internal/tui/components/action_menu.go:47.2,58.53 2 1
github.com/divyo-argha/git-user/internal/tui/components/action_menu.go:61.36,61.77 1 1
github.com/divyo-argha/git-user/internal/tui/components/action_menu.go:62.36,62.77 1 1
github.com/divyo-argha/git-user/internal/tui/components/action_menu.go:63.36,63.55 1 1
github.com/divyo-argha/git-user/internal/tui/components/action_menu.go:64.36,64.71 1 0
github.com/divyo-argha/git-user/internal/tui/components/action_menu.go:65.43,65.61 1 0
github.com/divyo-argha/git-user/internal/tui/components/action_menu.go:67.56,68.31 1 0
github.com/divyo-argha/git-user/internal/tui/components/action_menu.go:68.31,69.41 1 0
github.com/divyo-argha/git-user/internal/tui/components/action_menu.go:69.41,72.4 2 0
github.com/divyo-argha/git-user/internal/tui/components/action_menu.go:76.45,77.46 1 1
github.com/divyo-argha/git-user/internal/tui/components/action_menu.go:77.46,79.3 1 0
github.com/divyo-argha/git-user/internal/tui/components/action_menu.go:80.2,80.27 1 1
github.com/divyo-argha/git-user/internal/tui/components/action_menu.go:83.51,84.43 1 1
github.com/divyo-argha/git-user/internal/tui/components/action_menu.go:84.43,85.76 1 1
github.com/divyo-argha/git-user/internal/tui/components/action_menu.go:85.76,87.4 1 1
github.com/divyo-argha/git-user/internal/tui/components/action_menu.go:89.2,89.15 1 0
github.com/divyo-argha/git-user/internal/tui/components/action_menu.go:89.15,91.3 1 0
github.com/divyo-argha/git-user/internal/tui/components/action_menu.go:92.2,92.10 1 0
github.com/divyo-argha/git-user/internal/tui/components/action_menu.go:95.51,96.33 1 1
github.com/divyo-argha/git-user/internal/tui/components/action_menu.go:96.33,97.76 1 1
github.com/divyo-argha/git-user/internal/tui/components/action_menu.go:97.76,99.4 1 1
github.com/divyo-argha/git-user/internal/tui/components/action_menu.go:101.2,101.13 1 0
github.com/divyo-argha/git-user/internal/tui/components/action_menu.go:109.65,114.17 3 0
github.com/divyo-argha/git-user/internal/tui/components/action_menu.go:114.17,116.3 1 0
github.com/divyo-argha/git-user/internal/tui/components/action_menu.go:117.2,118.31 2 0
github.com/divyo-argha/git-user/internal/tui/components/action_menu.go:118.31,120.21 2 0
github.com/divyo-argha/git-user/internal/tui/components/action_menu.go:120.21,123.4 1 0
github.com/divyo-argha/git-user/internal/tui/components/action_menu.go:123.9,126.4 1 0
github.com/divyo-argha/git-user/internal/tui/components/action_menu.go:127.3,127.23 1 0
github.com/divyo-argha/git-user/internal/tui/components/action_menu.go:127.23,129.4 1 0
github.com/divyo-argha/git-user/internal/tui/components/action_menu.go:132.2,133.18 2 0
github.com/divyo-argha/git-user/internal/tui/components/action_menu.go:133.18,135.3 1 0
github.com/divyo-argha/git-user/internal/tui/components/action_menu.go:136.2,136.18 1 0
github.com/divyo-argha/git-user/internal/tui/components/action_menu.go:136.18,138.3 1 0
github.com/divyo-argha/git-user/internal/tui/components/action_menu.go:139.2,139.10 1 0
github.com/divyo-argha/git-user/internal/tui/components/action_menu.go:143.67,147.17 3 0
github.com/divyo-argha/git-user/internal/tui/components/action_menu.go:147.17,149.3 1 0
github.com/divyo-argha/git-user/internal/tui/components/action_menu.go:150.2,153.31 3 0
github.com/divyo-argha/git-user/internal/tui/components/action_menu.go:153.31,154.21 1 0
github.com/divyo-argha/git-user/internal/tui/components/action_menu.go:154.21,155.13 1 0
github.com/divyo-argha/git-user/internal/tui/components/action_menu.go:155.13,157.5 1 0
github.com/divyo-argha/git-user/internal/tui/components/action_menu.go:158.4,159.12 2 0
github.com/divyo-argha/git-user/internal/tui/components/action_menu.go:162.3,165.42 3 0
github.com/divyo-argha/git-user/internal/tui/components/action_menu.go:165.42,167.4 1 0
github.com/divyo-argha/git-user/internal/tui/components/action_menu.go:169.3,169.27 1 0
github.com/divyo-argha/git-user/internal/tui/components/action_menu.go:169.27,171.21 2 0
github.com/divyo-argha/git-user/internal/tui/components/action_menu.go:171.21,173.5 1 0
github.com/divyo-argha/git-user/internal/tui/components/action_menu.go:173.10,175.5 1 0
github.com/divyo-argha/git-user/internal/tui/components/action_menu.go:176.9,176.35 1 0
github.com/divyo-argha/git-user/internal/tui/components/action_menu.go:176.35,178.4 1 0
github.com/divyo-argha/git-user/internal/tui/components/action_menu.go:178.9,180.4 1 0
github.com/divyo-argha/git-user/internal/tui/components/action_menu.go:183.2,183.34 1 0
github.com/divyo-argha/git-user/internal/tui/components/help_bar.go:16.41,18.2 1 1
github.com/divyo-argha/git-user/internal/tui/components/help_bar.go:21.40,21.57 1 1
github.com/divyo-argha/git-user/internal/tui/components/help_bar.go:24.41,25.18 1 1
github.com/divyo-argha/git-user/internal/tui/components/help_bar.go:25.18,27.3 1 1
github.com/divyo-argha/git-user/internal/tui/components/help_bar.go:28.2,30.26 3 1
github.com/divyo-argha/git-user/internal/tui/components/help_bar.go:30.26,31.33 1 1
github.com/divyo-argha/git-user/internal/tui/components/help_bar.go:31.33,36.4 4 1
github.com/divyo-argha/git-user/internal/tui/components/help_bar.go:36.9,38.4 1 1
github.com/divyo-argha/git-user/internal/tui/components/help_bar.go:41.2,41.39 1 1
github.com/divyo-argha/git-user/internal/tui/components/identity_list.go:35.72,38.23 3 1
github.com/divyo-argha/git-user/internal/tui/components/identity_list.go:38.23,40.3 1 1
github.com/divyo-argha/git-user/internal/tui/components/identity_list.go:41.2,41.66 1 1
github.com/divyo-argha/git-user/internal/tui/components/identity_list.go:45.61,47.32 2 1
github.com/divyo-argha/git-user/internal/tui/components/identity_list.go:47.32,57.3 1 1
github.com/divyo-argha/git-user/internal/tui/components/identity_list.go:58.2,59.14 2 1
github.com/divyo-argha/git-user/internal/tui/components/identity_list.go:63.53,66.33 3 1
github.com/divyo-argha/git-user/internal/tui/components/identity_list.go:66.33,68.3 1 1
github.com/divyo-argha/git-user/internal/tui/components/identity_list.go:74.41,75.17 1 0
github.com/divyo-argha/git-user/internal/tui/components/identity_list.go:75.17,77.3 1 0
github.com/divyo-argha/git-user/internal/tui/components/identity_list.go:78.2,79.36 2 0
github.com/divyo-argha/git-user/internal/tui/components/identity_list.go:79.36,81.3 1 0
github.com/divyo-argha/git-user/internal/tui/components/identity_list.go:82.2,82.21 1 0
github.com/divyo-argha/git-user/internal/tui/components/identity_list.go:86.45,86.67 1 0
github.com/divyo-argha/git-user/internal/tui/components/identity_list.go:88.35,89.18 1 0
github.com/divyo-argha/git-user/internal/tui/components/identity_list.go:89.18,91.3 1 0
github.com/divyo-argha/git-user/internal/tui/components/identity_list.go:94.37,95.34 1 1
github.com/divyo-argha/git-user/internal/tui/components/identity_list.go:95.34,97.3 1 1
github.com/divyo-argha/git-user/internal/tui/components/identity_list.go:100.49,101.57 1 0
github.com/divyo-argha/git-user/internal/tui/components/identity_list.go:101.57,103.3 1 0
github.com/divyo-argha/git-user/internal/tui/components/identity_list.go:104.2,105.22 2 0
github.com/divyo-argha/git-user/internal/tui/components/identity_list.go:108.43,108.62 1 1
github.com/divyo-argha/git-user/internal/tui/components/identity_list.go:110.38,112.25 2 1
github.com/divyo-argha/git-user/internal/tui/components/identity_list.go:112.25,114.3 1 1
github.com/divyo-argha/git-user/internal/tui/components/identity_list.go:118.69,127.23 5 0
github.com/divyo-argha/git-user/internal/tui/components/identity_list.go:127.23,133.3 5 0
github.com/divyo-argha/git-user/internal/tui/components/identity_list.go:135.2,136.16 2 0
github.com/divyo-argha/git-user/internal/tui/components/identity_list.go:136.16,138.3 1 0
github.com/divyo-argha/git-user/internal/tui/components/identity_list.go:142.2,143.19 2 0
github.com/divyo-argha/git-user/internal/tui/components/identity_list.go:143.19,146.3 1 0
github.com/divyo-argha/git-user/internal/tui/components/identity_list.go:149.2,150.26 2 0
github.com/divyo-argha/git-user/internal/tui/components/identity_list.go:150.26,152.3 1 0
github.com/divyo-argha/git-user/internal/tui/components/identity_list.go:155.2,156.21 2 0
github.com/divyo-argha/git-user/internal/tui/components/identity_list.go:156.21,158.3 1 0
github.com/divyo-argha/git-user/internal/tui/components/identity_list.go:159.2,159.28 1 0
github.com/divyo-argha/git-user/internal/tui/components/identity_list.go:159.28,161.3 1 0
github.com/divyo-argha/git-user/internal/tui/components/identity_list.go:162.2,163.23 2 0
github.com/divyo-argha/git-user/internal/tui/components/identity_list.go:163.23,166.22 3 0
github.com/divyo-argha/git-user/internal/tui/components/identity_list.go:166.22,168.4 1 0
github.com/divyo-argha/git-user/internal/tui/components/identity_list.go:171.2,175.21 3 0
github.com/divyo-argha/git-user/internal/tui/components/identity_list.go:175.21,177.3 1 0
github.com/divyo-argha/git-user/internal/tui/components/identity_list.go:177.8,179.3 1 0
github.com/divyo-argha/git-user/internal/tui/components/identity_list.go:182.2,182.46 1 0
github.com/divyo-argha/git-user/internal/tui/components/identity_list.go:182.46,190.40 4 0
github.com/divyo-argha/git-user/internal/tui/components/identity_list.go:190.40,193.21 3 0
github.com/divyo-argha/git-user/internal/tui/components/identity_list.go:193.21,195.5 1 0
github.com/divyo-argha/git-user/internal/tui/components/identity_list.go:196.4,197.12 2 0
github.com/divyo-argha/git-user/internal/tui/components/identity_list.go:200.3,200.20 1 0
github.com/divyo-argha/git-user/internal/tui/components/identity_list.go:200.20,202.28 2 0
github.com/divyo-argha/git-user/internal/tui/components/identity_list.go:202.28,204.5 1 0
github.com/divyo-argha/git-user/internal/tui/components/identity_list.go:204.10,204.36 1 0
github.com/divyo-argha/git-user/internal/tui/components/identity_list.go:204.36,206.5 1 0
github.com/divyo-argha/git-user/internal/tui/components/identity_list.go:206.10,208.5 1 0
github.com/divyo-argha/git-user/internal/tui/components/identity_list.go:209.4,209.12 1 0
github.com/divyo-argha/git-user/internal/tui/components/identity_list.go:212.3,213.30 2 0
github.com/divyo-argha/git-user/internal/tui/components/identity_list.go:217.2,217.21 1 0
github.com/divyo-argha/git-user/internal/tui/components/identity_list.go:217.21,219.3 1 0
github.com/divyo-argha/git-user/internal/tui/components/identity_list.go:221.2,221.34 1 0
github.com/divyo-argha/git-user/internal/tui/components/identity_list.go:224.93,226.19 2 0
github.com/divyo-argha/git-user/internal/tui/components/identity_list.go:226.19,228.3 1 0
github.com/divyo-argha/git-user/internal/tui/components/identity_list.go:228.8,230.3 1 0
github.com/divyo-argha/git-user/internal/tui/components/identity_list.go:232.2,233.20 2 0
github.com/divyo-argha/git-user/internal/tui/components/identity_list.go:233.20,235.3 1 0
github.com/divyo-argha/git-user/internal/tui/components/identity_list.go:236.2,236.21 1 0
github.com/divyo-argha/git-user/internal/tui/components/identity_list.go:236.21,238.3 1 0
github.com/divyo-argha/git-user/internal/tui/components/identity_list.go:239.2,239.24 1 0
github.com/divyo-argha/git-user/internal/tui/components/identity_list.go:239.24,241.3 1 0
github.com/divyo-argha/git-user/internal/tui/components/identity_list.go:243.2,244.21 2 0
github.com/divyo-argha/git-user/internal/tui/components/identity_list.go:244.21,246.3 1 0
github.com/divyo-argha/git-user/internal/tui/components/identity_list.go:248.2,249.19 2 0
github.com/divyo-argha/git-user/internal/tui/components/identity_list.go:249.19,251.3 1 0
github.com/divyo-argha/git-user/internal/tui/components/identity_list.go:251.8,253.3 1 0
github.com/divyo-argha/git-user/internal/tui/components/identity_list.go:255.2,255.22 1 0
github.com/divyo-argha/git-user/internal/tui/components/identity_list.go:255.22,257.3 1 0
github.com/divyo-argha/git-user/internal/tui/components/identity_list.go:259.2,261.26 2 0
github.com/divyo-argha/git-user/internal/tui/components/identity_list.go:261.26,263.3 1 0
github.com/divyo-argha/git-user/internal/tui/components/identity_list.go:263.8,263.34 1 0
github.com/divyo-argha/git-user/internal/tui/components/identity_list.go:263.34,265.3 1 0
github.com/divyo-argha/git-user/internal/tui/components/identity_list.go:266.2,266.24 1 0
github.com/divyo-argha/git-user/internal/tui/components/identity_list.go:269.33,272.22 3 0
github.com/divyo-argha/git-user/internal/tui/components/identity_list.go:272.22,273.18 1 0
github.com/divyo-argha/git-user/internal/tui/components/identity_list.go:273.18,275.12 2 0
github.com/divyo-argha/git-user/internal/tui/components/identity_list.go:277.3,277.12 1 0
github.com/divyo-argha/git-user/internal/tui/components/identity_list.go:277.12,278.16 1 0
github.com/divyo-argha/git-user/internal/tui/components/identity_list.go:278.16,280.5 1 0
github.com/divyo-argha/git-user/internal/tui/components/identity_list.go:281.4,281.12 1 0
github.com/divyo-argha/git-user/internal/tui/components/identity_list.go:283.3,283.22 1 0
github.com/divyo-argha/git-user/internal/tui/components/identity_list.go:285.2,285.24 1 0
github.com/divyo-argha/git-user/internal/tui/components/spinner.go:15.41,20.2 4 1
github.com/divyo-argha/git-user/internal/tui/components/spinner.go:23.33,25.2 1 1
github.com/divyo-argha/git-user/internal/tui/components/spinner.go:28.58,32.2 3 0
github.com/divyo-argha/git-user/internal/tui/components/spinner.go:35.32,37.2 1 1
github.com/divyo-argha/git-user/internal/tui/components/status_bar.go:25.66,27.2 1 1
github.com/divyo-argha/git-user/internal/tui/components/status_bar.go:30.51,30.70 1 1
github.com/divyo-argha/git-user/internal/tui/components/status_bar.go:33.66,37.2 3 1
github.com/divyo-argha/git-user/internal/tui/components/status_bar.go:40.55,41.39 1 1
github.com/divyo-argha/git-user/internal/tui/components/status_bar.go:41.39,43.3 1 0
github.com/divyo-argha/git-user/internal/tui/components/status_bar.go:44.2,44.21 1 1
github.com/divyo-argha/git-user/internal/tui/components/status_bar.go:47.38,59.45 8 1
github.com/divyo-argha/git-user/internal/tui/components/status_bar.go:59.45,60.43 1 1
github.com/divyo-argha/git-user/internal/tui/components/status_bar.go:60.43,66.4 1 1
github.com/divyo-argha/git-user/internal/tui/components/status_bar.go:66.9,71.4 1 1
github.com/divyo-argha/git-user/internal/tui/components/status_bar.go:72.8,77.3 1 0
github.com/divyo-argha/git-user/internal/tui/components/status_bar.go:79.2,79.20 1 1
github.com/divyo-argha/git-user/internal/tui/components/status_bar.go:79.20,80.23 1 1
github.com/divyo-argha/git-user/internal/tui/components/status_bar.go:80.23,88.4 3 1
github.com/divyo-argha/git-user/internal/tui/components/status_bar.go:88.9,94.4 2 0
github.com/divyo-argha/git-user/internal/tui/components/status_bar.go:95.8,100.3 1 1
github.com/divyo-argha/git-user/internal/tui/components/status_bar.go:102.2,104.20 3 1
github.com/divyo-argha/git-user/internal/tui/components/status_bar.go:104.20,106.19 2 1
github.com/divyo-argha/git-user/internal/tui/components/status_bar.go:106.19,108.4 1 1
github.com/divyo-argha/git-user/internal/tui/components/status_bar.go:109.3,112.5 1 1
github.com/divyo-argha/git-user/internal/tui/components/status_bar.go:115.2,122.20 7 1
github.com/divyo-argha/git-user/internal/tui/components/status_bar.go:125.41,127.45 2 0
github.com/divyo-argha/git-user/internal/tui/components/status_bar.go:127.45,128.43 1 0
github.com/divyo-argha/git-user/internal/tui/components/status_bar.go:128.43,130.4 1 0
github.com/divyo-argha/git-user/internal/tui/components/status_bar.go:132.2,132.15 1 0
github.com/divyo-argha/git-user/internal/tui/components/text_input.go:11.31,13.2 1 0
github.com/divyo-argha/git-user/internal/tui/components/text_input.go:22.82,31.16 8 1
github.com/divyo-argha/git-user/internal/tui/components/text_input.go:31.16,34.3 2 0
github.com/divyo-argha/git-user/internal/tui/components/text_input.go:36.2,39.3 1 1
github.com/divyo-argha/git-user/internal/tui/components/text_input.go:43.37,45.2 1 1
github.com/divyo-argha/git-user/internal/tui/components/text_input.go:48.28,50.2 1 0
github.com/divyo-argha/git-user/internal/tui/components/text_input.go:53.36,55.2 1 1
github.com/divyo-argha/git-user/internal/tui/components/text_input.go:58.40,60.2 1 1
github.com/divyo-argha/git-user/internal/tui/components/text_input.go:63.62,67.2 3 1
github.com/divyo-argha/git-user/internal/tui/components/text_input.go:70.44,73.2 2 0
github.com/divyo-argha/git-user/internal/tui/components/toast.go:16.37,18.2 1 1
github.com/divyo-argha/git-user/internal/tui/components/toast.go:21.63,25.2 3 1
github.com/divyo-argha/git-user/internal/tui/components/toast.go:28.24,30.2 1 1
github.com/divyo-argha/git-user/internal/tui/components/toast.go:33.33,33.53 1 1
github.com/divyo-argha/git-user/internal/tui/components/toast.go:36.39,37.32 1 1
github.com/divyo-argha/git-user/internal/tui/components/toast.go:37.32,39.3 1 1
github.com/divyo-argha/git-user/internal/tui/components/toast.go:41.2,42.16 2 1
github.com/divyo-argha/git-user/internal/tui/components/toast.go:42.16,44.3 1 1
github.com/divyo-argha/git-user/internal/tui/components/toast.go:45.2,45.21 1 1
github.com/divyo-argha/git-user/internal/tui/components/toast.go:45.21,47.3 1 1
github.com/divyo-argha/git-user/internal/tui/components/toast.go:49.2,52.17 3 1
github.com/divyo-argha/git-user/internal/tui/components/toast.go:53.31,55.61 2 1
github.com/divyo-argha/git-user/internal/tui/components/toast.go:56.29,58.59 2 1
github.com/divyo-argha/git-user/internal/tui/components/toast.go:59.10,61.58 2 1
github.com/divyo-argha/git-user/internal/tui/components/toast.go:64.2,64.10 1 1
github.com/divyo-argha/git-user/internal/config/config.go:28.43,29.28 1 0
github.com/divyo-argha/git-user/internal/config/config.go:29.28,31.3 1 0
github.com/divyo-argha/git-user/internal/config/config.go:32.2,32.25 1 0
github.com/divyo-argha/git-user/internal/config/config.go:60.13,62.16 2 1
github.com/divyo-argha/git-user/internal/config/config.go:62.16,63.59 1 0
github.com/divyo-argha/git-user/internal/config/config.go:65.2,65.63 1 1
github.com/divyo-argha/git-user/internal/config/config.go:68.26,69.52 1 1
github.com/divyo-argha/git-user/internal/config/config.go:69.52,71.3 1 0
github.com/divyo-argha/git-user/internal/config/config.go:72.2,72.19 1 1
github.com/divyo-argha/git-user/internal/config/config.go:75.33,75.54 1 1
github.com/divyo-argha/git-user/internal/config/config.go:77.30,79.2 1 1
github.com/divyo-argha/git-user/internal/config/config.go:81.25,83.2 1 1
github.com/divyo-argha/git-user/internal/config/config.go:85.29,89.16 4 1
github.com/divyo-argha/git-user/internal/config/config.go:89.16,90.38 1 1
github.com/divyo-argha/git-user/internal/config/config.go:90.38,92.4 1 0
github.com/divyo-argha/git-user/internal/config/config.go:93.8,94.50 1 1
github.com/divyo-argha/git-user/internal/config/config.go:94.50,96.4 1 0
github.com/divyo-argha/git-user/internal/config/config.go:99.2,100.16 2 1
github.com/divyo-argha/git-user/internal/config/config.go:100.16,102.62 2 1
github.com/divyo-argha/git-user/internal/config/config.go:102.62,103.29 1 1
github.com/divyo-argha/git-user/internal/config/config.go:103.29,105.5 1 1
github.com/divyo-argha/git-user/internal/config/config.go:106.4,106.43 1 1
github.com/divyo-argha/git-user/internal/config/config.go:110.2,110.16 1 1
github.com/divyo-argha/git-user/internal/config/config.go:113.27,117.28 4 1
github.com/divyo-argha/git-user/internal/config/config.go:117.28,118.20 1 1
github.com/divyo-argha/git-user/internal/config/config.go:118.20,120.4 1 1
github.com/divyo-argha/git-user/internal/config/config.go:120.9,122.4 1 1
github.com/divyo-argha/git-user/internal/config/config.go:125.2,126.47 2 1
github.com/divyo-argha/git-user/internal/config/config.go:126.47,128.3 1 0
github.com/divyo-argha/git-user/internal/config/config.go:130.2,130.24 1 1
github.com/divyo-argha/git-user/internal/config/config.go:130.24,133.3 2 1
github.com/divyo-argha/git-user/internal/config/config.go:133.8,135.3 1 1
github.com/divyo-argha/git-user/internal/config/config.go:137.2,141.16 4 1
github.com/divyo-argha/git-user/internal/config/config.go:141.16,143.3 1 0
github.com/divyo-argha/git-user/internal/config/config.go:145.2,146.16 2 1
github.com/divyo-argha/git-user/internal/config/config.go:146.16,148.3 1 0
github.com/divyo-argha/git-user/internal/config/config.go:149.2,151.43 2 1
github.com/divyo-argha/git-user/internal/config/config.go:151.43,155.3 3 0
github.com/divyo-argha/git-user/internal/config/config.go:156.2,156.36 1 1
github.com/divyo-argha/git-user/internal/config/config.go:156.36,159.3 2 0
github.com/divyo-argha/git-user/internal/config/config.go:160.2,160.48 1 1
github.com/divyo-argha/git-user/internal/config/config.go:160.48,163.3 2 0
github.com/divyo-argha/git-user/internal/config/config.go:164.2,164.50 1 1
github.com/divyo-argha/git-user/internal/config/config.go:164.50,167.3 2 0
github.com/divyo-argha/git-user/internal/config/config.go:168.2,168.26 1 1
github.com/divyo-argha/git-user/internal/config/config.go:171.45,172.25 1 1
github.com/divyo-argha/git-user/internal/config/config.go:172.25,173.30 1 1
github.com/divyo-argha/git-user/internal/config/config.go:173.30,175.4 1 1
github.com/divyo-argha/git-user/internal/config/config.go:177.2,177.12 1 1
github.com/divyo-argha/git-user/internal/config/config.go:181.47,183.2 1 1
github.com/divyo-argha/git-user/internal/config/config.go:186.49,187.28 1 1
github.com/divyo-argha/git-user/internal/config/config.go:187.28,188.23 1 1
github.com/divyo-argha/git-user/internal/config/config.go:188.23,190.4 1 0
github.com/divyo-argha/git-user/internal/config/config.go:192.2,192.14 1 1
github.com/divyo-argha/git-user/internal/config/config.go:195.51,196.31 1 1
github.com/divyo-argha/git-user/internal/config/config.go:196.31,198.3 1 0
github.com/divyo-argha/git-user/internal/config/config.go:199.2,199.25 1 1
github.com/divyo-argha/git-user/internal/config/config.go:199.25,201.3 1 1
github.com/divyo-argha/git-user/internal/config/config.go:202.2,202.27 1 1
github.com/divyo-argha/git-user/internal/config/config.go:202.27,204.3 1 0
github.com/divyo-argha/git-user/internal/config/config.go:205.2,206.12 2 1
github.com/divyo-argha/git-user/internal/config/config.go:209.59,210.29 1 1
github.com/divyo-argha/git-user/internal/config/config.go:210.29,212.3 1 0
github.com/divyo-argha/git-user/internal/config/config.go:213.2,213.33 1 1
github.com/divyo-argha/git-user/internal/config/config.go:213.33,215.3 1 1
github.com/divyo-argha/git-user/internal/config/config.go:216.2,217.28 2 1
github.com/divyo-argha/git-user/internal/config/config.go:217.28,218.21 1 1
github.com/divyo-argha/git-user/internal/config/config.go:218.21,220.4 1 0
github.com/divyo-argha/git-user/internal/config/config.go:222.2,223.23 2 1
github.com/divyo-argha/git-user/internal/config/config.go:223.23,225.3 1 1
github.com/divyo-argha/git-user/internal/config/config.go:226.2,226.12 1 1
github.com/divyo-argha/git-user/internal/config/config.go:229.57,231.14 2 1
github.com/divyo-argha/git-user/internal/config/config.go:231.14,233.3 1 0
github.com/divyo-argha/git-user/internal/config/config.go:234.2,234.20 1 1
github.com/divyo-argha/git-user/internal/config/config.go:234.20,236.3 1 0
github.com/divyo-argha/git-user/internal/config/config.go:237.2,238.12 2 1
github.com/divyo-argha/git-user/internal/config/config.go:241.56,243.14 2 1
github.com/divyo-argha/git-user/internal/config/config.go:243.14,245.3 1 0
github.com/divyo-argha/git-user/internal/config/config.go:246.2,250.12 3 1
github.com/divyo-argha/git-user/internal/config/config.go:253.63,255.14 2 1
github.com/divyo-argha/git-user/internal/config/config.go:255.14,257.3 1 0
github.com/divyo-argha/git-user/internal/config/config.go:258.2,261.12 4 1
github.com/divyo-argha/git-user/internal/config/config.go:264.65,266.14 2 1
github.com/divyo-argha/git-user/internal/config/config.go:266.14,268.3 1 0
github.com/divyo-argha/git-user/internal/config/config.go:269.2,270.12 2 1
github.com/divyo-argha/git-user/internal/config/config.go:273.47,274.29 1 1
github.com/divyo-argha/git-user/internal/config/config.go:274.29,276.3 1 0
github.com/divyo-argha/git-user/internal/config/config.go:277.2,278.12 2 1
github.com/divyo-argha/git-user/internal/config/config.go:281.37,282.21 1 0
github.com/divyo-argha/git-user/internal/config/config.go:282.21,284.3 1 0
github.com/divyo-argha/git-user/internal/config/config.go:285.2,285.30 1 0
github.com/divyo-argha/git-user/internal/config/config.go:290.102,291.23 1 0
github.com/divyo-argha/git-user/internal/config/config.go:291.23,293.3 1 0
github.com/divyo-argha/git-user/internal/config/config.go:294.2,301.3 1 0
github.com/divyo-argha/git-user/internal/config/config.go:304.57,306.14 2 0
github.com/divyo-argha/git-user/internal/config/config.go:306.14,308.3 1 0
github.com/divyo-argha/git-user/internal/config/config.go:309.2,309.32 1 0
github.com/divyo-argha/git-user/internal/config/config.go:309.32,310.16 1 0
github.com/divyo-argha/git-user/internal/config/config.go:310.16,312.4 1 0
github.com/divyo-argha/git-user/internal/config/config.go:314.2,314.32 1 0
github.com/divyo-argha/git-user/internal/config/config.go:314.32,315.25 1 0
github.com/divyo-argha/git-user/internal/config/config.go:315.25,316.38 1 0
github.com/divyo-argha/git-user/internal/config/config.go:316.38,317.18 1 0
github.com/divyo-argha/git-user/internal/config/config.go:317.18,319.6 1 0
github.com/divyo-argha/git-user/internal/config/config.go:323.2,324.12 2 0
github.com/divyo-argha/git-user/internal/config/config.go:327.61,329.14 2 0
github.com/divyo-argha/git-user/internal/config/config.go:329.14,331.3 1 0
github.com/divyo-argha/git-user/internal/config/config.go:332.2,334.32 3 0
github.com/divyo-argha/git-user/internal/config/config.go:334.32,335.16 1 0
github.com/divyo-argha/git-user/internal/config/config.go:335.16,337.4 1 0
github.com/divyo-argha/git-user/internal/config/config.go:337.9,339.4 1 0
github.com/divyo-argha/git-user/internal/config/config.go:341.2,341.12 1 0
github.com/divyo-argha/git-user/internal/config/config.go:341.12,343.3 1 0
github.com/divyo-argha/git-user/internal/config/config.go:344.2,345.12 2 0
github.com/divyo-argha/git-user/internal/config/config.go:348.37,350.16 2 1
github.com/divyo-argha/git-user/internal/config/config.go:350.16,352.3 1 0
github.com/divyo-argha/git-user/internal/config/config.go:354.2,358.16 3 1
github.com/divyo-argha/git-user/internal/config/config.go:358.16,359.27 1 1
github.com/divyo-argha/git-user/internal/config/config.go:359.27,360.106 1 1
github.com/divyo-argha/git-user/internal/config/config.go:360.106,363.48 3 0
github.com/divyo-argha/git-user/internal/config/config.go:363.48,365.6 1 0
github.com/divyo-argha/git-user/internal/config/config.go:371.2,371.28 1 1
github.com/divyo-argha/git-user/internal/config/config.go:371.28,372.28 1 1
github.com/divyo-argha/git-user/internal/config/config.go:372.28,373.12 1 1
github.com/divyo-argha/git-user/internal/config/config.go:375.3,381.21 7 0
github.com/divyo-argha/git-user/internal/config/config.go:381.21,384.4 2 0
github.com/divyo-argha/git-user/internal/config/config.go:385.3,385.41 1 0
github.com/divyo-argha/git-user/internal/config/config.go:385.41,386.29 1 0
github.com/divyo-argha/git-user/internal/config/config.go:386.29,389.5 2 0
github.com/divyo-argha/git-user/internal/config/config.go:390.4,393.40 4 0
github.com/divyo-argha/git-user/internal/config/config.go:396.3,397.17 2 0
github.com/divyo-argha/git-user/internal/config/config.go:397.17,399.4 1 0
github.com/divyo-argha/git-user/internal/config/config.go:401.3,401.30 1 0
github.com/divyo-argha/git-user/internal/config/config.go:401.30,402.37 1 0
github.com/divyo-argha/git-user/internal/config/config.go:402.37,404.5 1 0
github.com/divyo-argha/git-user/internal/config/config.go:409.2,412.16 4 1
github.com/divyo-argha/git-user/internal/config/config.go:412.16,414.30 2 0
github.com/divyo-argha/git-user/internal/config/config.go:414.30,415.18 1 0
github.com/divyo-argha/git-user/internal/config/config.go:415.18,416.13 1 0
github.com/divyo-argha/git-user/internal/config/config.go:418.4,419.23 2 0
github.com/divyo-argha/git-user/internal/config/config.go:419.23,422.78 3 0
github.com/divyo-argha/git-user/internal/config/config.go:422.78,424.6 1 0
github.com/divyo-argha/git-user/internal/config/config.go:430.2,431.28 2 1
github.com/divyo-argha/git-user/internal/config/config.go:431.28,432.28 1 1
github.com/divyo-argha/git-user/internal/config/config.go:432.28,433.12 1 1
github.com/divyo-argha/git-user/internal/config/config.go:435.3,437.33 2 0
github.com/divyo-argha/git-user/internal/config/config.go:437.33,441.4 3 0
github.com/divyo-argha/git-user/internal/config/config.go:445.2,445.33 1 1
github.com/divyo-argha/git-user/internal/config/config.go:445.33,447.32 2 0
github.com/divyo-argha/git-user/internal/config/config.go:447.32,449.4 1 0
github.com/divyo-argha/git-user/internal/config/config.go:453.2,453.32 1 1
github.com/divyo-argha/git-user/internal/config/config.go:453.32,455.33 2 0
github.com/divyo-argha/git-user/internal/config/config.go:455.33,457.4 1 0
github.com/divyo-argha/git-user/internal/config/config.go:460.2,460.12 1 1
github.com/divyo-argha/git-user/internal/config/config.go:463.44,464.35 1 0
github.com/divyo-argha/git-user/internal/config/config.go:464.35,467.3 2 0
github.com/divyo-argha/git-user/internal/config/config.go:468.2,468.48 1 0
github.com/divyo-argha/git-user/internal/config/config.go:468.48,470.3 1 0
github.com/divyo-argha/git-user/internal/config/config.go:471.2,471.35 1 0
github.com/divyo-argha/git-user/internal/config/config.go:471.35,473.3 1 0
github.com/divyo-argha/git-user/internal/config/config.go:474.2,474.13 1 0
github.com/divyo-argha/git-user/internal/tui/theme/theme.go:50.27,64.2 3 1
github.com/divyo-argha/git-user/internal/tui/theme/theme.go:66.42,85.2 1 1
github.com/divyo-argha/git-user/internal/tui/theme/theme.go:89.47,89.71 1 1
github.com/divyo-argha/git-user/internal/tui/theme/theme.go:90.47,90.70 1 1
github.com/divyo-argha/git-user/internal/tui/theme/theme.go:91.47,91.73 1 1
github.com/divyo-argha/git-user/internal/tui/theme/theme.go:92.47,92.74 1 1
github.com/divyo-argha/git-user/internal/tui/theme/theme.go:93.47,93.72 1 1
github.com/divyo-argha/git-user/internal/tui/theme/theme.go:94.47,94.74 1 1
github.com/divyo-argha/git-user/internal/tui/theme/theme.go:95.47,95.71 1 1
github.com/divyo-argha/git-user/internal/tui/theme/theme.go:96.47,96.77 1 1
github.com/divyo-argha/git-user/internal/tui/theme/theme.go:97.47,97.75 1 1
github.com/divyo-argha/git-user/internal/tui/theme/theme.go:98.47,98.73 1 1
github.com/divyo-argha/git-user/internal/tui/theme/theme.go:99.47,99.76 1 1
github.com/divyo-argha/git-user/internal/tui/theme/theme.go:100.47,100.80 1 1
github.com/divyo-argha/git-user/internal/tui/theme/theme.go:101.47,101.76 1 1
github.com/divyo-argha/git-user/internal/tui/theme/theme.go:108.82,116.2 2 1
github.com/divyo-argha/git-user/internal/tui/theme/theme.go:118.61,125.2 1 1
github.com/divyo-argha/git-user/internal/tui/theme/theme.go:127.63,134.2 1 1
github.com/divyo-argha/git-user/internal/tui/theme/theme.go:136.67,143.2 1 1
github.com/divyo-argha/git-user/internal/tui/theme/theme.go:145.69,152.2 1 1
github.com/divyo-argha/git-user/internal/tui/theme/theme.go:154.61,161.2 1 1
github.com/divyo-argha/git-user/internal/tui/theme/theme.go:165.44,171.2 1 1
github.com/divyo-argha/git-user/internal/tui/theme/theme.go:173.43,178.2 1 1
github.com/divyo-argha/git-user/internal/tui/theme/theme.go:180.45,186.2 1 1
github.com/divyo-argha/git-user/internal/tui/theme/theme.go:188.44,194.2 1 1
github.com/divyo-argha/git-user/internal/tui/theme/theme.go:196.43,201.2 1 1
github.com/divyo-argha/git-user/internal/tui/theme/theme.go:203.49,209.2 1 1
github.com/divyo-argha/git-user/internal/tui/theme/theme.go:211.40,217.2 1 1
github.com/divyo-argha/git-user/internal/tui/theme/theme.go:232.55,238.2 1 1
github.com/divyo-argha/git-user/internal/tui/theme/theme.go:240.53,246.2 1 1
github.com/divyo-argha/git-user/internal/tui/theme/theme.go:248.52,254.2 1 1
github.com/divyo-argha/git-user/internal/tui/theme/theme.go:278.35,282.17 2 1
github.com/divyo-argha/git-user/internal/tui/theme/theme.go:282.17,284.3 1 1
github.com/divyo-argha/git-user/internal/tui/theme/theme.go:285.2,285.19 1 1
github.com/divyo-argha/git-user/internal/tui/theme/theme.go:289.40,291.11 2 1
github.com/divyo-argha/git-user/internal/tui/theme/theme.go:291.11,293.3 1 1
github.com/divyo-argha/git-user/internal/tui/theme/theme.go:294.2,294.10 1 1
github.com/divyo-argha/git-user/internal/tui/theme/theme.go:298.41,300.2 1 1
github.com/divyo-argha/git-user/internal/tui/theme/theme.go:303.48,304.16 1 1
github.com/divyo-argha/git-user/internal/tui/theme/theme.go:304.16,306.3 1 1
github.com/divyo-argha/git-user/internal/tui/theme/theme.go:307.2,308.29 2 1
github.com/divyo-argha/git-user/internal/tui/theme/theme.go:308.29,310.3 1 1
github.com/divyo-argha/git-user/internal/tui/theme/theme.go:311.2,311.40 1 1
github.com/divyo-argha/git-user/internal/ui/ui.go:90.19,91.20 1 1
github.com/divyo-argha/git-user/internal/ui/ui.go:91.20,93.3 1 0
github.com/divyo-argha/git-user/internal/ui/ui.go:94.2,95.16 2 1
github.com/divyo-argha/git-user/internal/ui/ui.go:95.16,97.3 1 0
github.com/divyo-argha/git-user/internal/ui/ui.go:98.2,98.45 1 1
github.com/divyo-argha/git-user/internal/ui/ui.go:104.18,107.2 2 0
github.com/divyo-argha/git-user/internal/ui/ui.go:112.26,114.2 1 1
github.com/divyo-argha/git-user/internal/ui/ui.go:117.43,119.2 1 1
github.com/divyo-argha/git-user/internal/ui/ui.go:122.23,124.2 1 1
github.com/divyo-argha/git-user/internal/ui/ui.go:127.23,129.2 1 1
github.com/divyo-argha/git-user/internal/ui/ui.go:132.24,134.2 1 1
github.com/divyo-argha/git-user/internal/ui/ui.go:137.41,139.2 1 1
github.com/divyo-argha/git-user/internal/ui/ui.go:142.32,142.51 1 1
github.com/divyo-argha/git-user/internal/ui/ui.go:145.36,145.59 1 1
github.com/divyo-argha/git-user/internal/ui/ui.go:150.25,152.2 1 1
github.com/divyo-argha/git-user/internal/ui/ui.go:155.25,157.2 1 1
github.com/divyo-argha/git-user/internal/ui/ui.go:160.16,162.2 1 1
github.com/divyo-argha/git-user/internal/ui/ui.go:167.55,172.12 4 1
github.com/divyo-argha/git-user/internal/ui/ui.go:172.12,176.3 3 1
github.com/divyo-argha/git-user/internal/ui/ui.go:178.2,184.18 2 1
github.com/divyo-argha/git-user/internal/ui/ui.go:184.18,186.3 1 1
github.com/divyo-argha/git-user/internal/ui/ui.go:188.2,188.40 1 1
github.com/divyo-argha/git-user/internal/ui/ui.go:192.46,196.18 4 1
github.com/divyo-argha/git-user/internal/ui/ui.go:196.18,198.3 1 1
github.com/divyo-argha/git-user/internal/ui/ui.go:204.29,204.43 1 1
github.com/divyo-argha/git-user/internal/ui/ui.go:207.43,208.21 1 0
github.com/divyo-argha/git-user/internal/ui/ui.go:208.21,210.3 1 0
github.com/divyo-argha/git-user/internal/ui/ui.go:211.2,214.16 4 0
github.com/divyo-argha/git-user/internal/ui/ui.go:214.16,216.3 1 0
github.com/divyo-argha/git-user/internal/ui/ui.go:217.2,217.37 1 0
github.com/divyo-argha/git-user/internal/ui/ui.go:231.37,231.51 1 1
github.com/divyo-argha/git-user/internal/ui/ui.go:233.63,234.27 1 0
github.com/divyo-argha/git-user/internal/ui/ui.go:235.18,236.23 1 0
github.com/divyo-argha/git-user/internal/ui/ui.go:237.29,239.22 2 0
github.com/divyo-argha/git-user/internal/ui/ui.go:240.18,241.20 1 0
github.com/divyo-argha/git-user/internal/ui/ui.go:241.20,243.5 1 0
github.com/divyo-argha/git-user/internal/ui/ui.go:244.20,245.35 1 0
github.com/divyo-argha/git-user/internal/ui/ui.go:245.35,247.5 1 0
github.com/divyo-argha/git-user/internal/ui/ui.go:248.16,250.22 2 0
github.com/divyo-argha/git-user/internal/ui/ui.go:253.2,253.15 1 0
github.com/divyo-argha/git-user/internal/ui/ui.go:256.36,264.32 7 1
github.com/divyo-argha/git-user/internal/ui/ui.go:264.32,265.20 1 1
github.com/divyo-argha/git-user/internal/ui/ui.go:265.20,267.4 1 1
github.com/divyo-argha/git-user/internal/ui/ui.go:267.9,269.4 1 1
github.com/divyo-argha/git-user/internal/ui/ui.go:271.2,272.19 2 1
github.com/divyo-argha/git-user/internal/ui/ui.go:276.58,277.21 1 0
github.com/divyo-argha/git-user/internal/ui/ui.go:277.21,279.3 1 0
github.com/divyo-argha/git-user/internal/ui/ui.go:280.2,288.16 4 0
github.com/divyo-argha/git-user/internal/ui/ui.go:288.16,290.3 1 0
github.com/divyo-argha/git-user/internal/ui/ui.go:292.2,293.16 2 0
github.com/divyo-argha/git-user/internal/ui/ui.go:293.16,295.3 1 0
github.com/divyo-argha/git-user/internal/ui/ui.go:297.2,297.22 1 0
github.com/divyo-argha/git-user/internal/ui/ui.go:301.53,302.22 1 0
github.com/divyo-argha/git-user/internal/ui/ui.go:302.22,304.3 1 0
github.com/divyo-argha/git-user/internal/ui/ui.go:305.2,307.17 3 0
github.com/divyo-argha/git-user/internal/ui/ui.go:307.17,309.3 1 0
github.com/divyo-argha/git-user/internal/ui/ui.go:311.2,320.16 4 0
github.com/divyo-argha/git-user/internal/ui/ui.go:320.16,322.3 1 0
github.com/divyo-argha/git-user/internal/ui/ui.go:324.2,325.16 2 0
github.com/divyo-argha/git-user/internal/ui/ui.go:325.16,327.3 1 0
github.com/divyo-argha/git-user/internal/ui/ui.go:328.2,328.22 1 0
github.com/divyo-argha/git-user/internal/ui/ui.go:343.23,344.65 1 0
github.com/divyo-argha/git-user/internal/ui/ui.go:344.65,346.3 1 0
github.com/divyo-argha/git-user/internal/ui/ui.go:349.41,349.60 1 0
github.com/divyo-argha/git-user/internal/ui/ui.go:351.67,352.20 1 0
github.com/divyo-argha/git-user/internal/ui/ui.go:353.17,354.25 1 0
github.com/divyo-argha/git-user/internal/ui/ui.go:354.25,356.27 2 0
github.com/divyo-argha/git-user/internal/ui/ui.go:356.27,359.5 2 0
github.com/divyo-argha/git-user/internal/ui/ui.go:360.4,360.22 1 0
github.com/divyo-argha/git-user/internal/ui/ui.go:362.3,363.21 2 0
github.com/divyo-argha/git-user/internal/ui/ui.go:365.2,365.15 1 0
github.com/divyo-argha/git-user/internal/ui/ui.go:368.40,369.35 1 0
github.com/divyo-argha/git-user/internal/ui/ui.go:369.35,371.3 1 0
github.com/divyo-argha/git-user/internal/ui/ui.go:373.2,375.60 3 0
github.com/divyo-argha/git-user/internal/ui/ui.go:380.34,381.14 1 0
github.com/divyo-argha/git-user/internal/ui/ui.go:381.14,384.3 2 0
github.com/divyo-argha/git-user/internal/ui/ui.go:386.2,393.35 3 0
github.com/divyo-argha/git-user/internal/ui/ui.go:393.35,396.3 1 0
github.com/divyo-argha/git-user/internal/ui/ui.go:412.25,413.65 1 0
github.com/divyo-argha/git-user/internal/ui/ui.go:413.65,415.3 1 0
github.com/divyo-argha/git-user/internal/ui/ui.go:420.38,420.59 1 0
github.com/divyo-argha/git-user/internal/ui/ui.go:422.64,423.20 1 0
github.com/divyo-argha/git-user/internal/ui/ui.go:424.19,425.10 1 0
github.com/divyo-argha/git-user/internal/ui/ui.go:426.17,427.22 1 0
github.com/divyo-argha/git-user/internal/ui/ui.go:428.11,428.11 0 0
github.com/divyo-argha/git-user/internal/ui/ui.go:430.3,431.23 2 0
github.com/divyo-argha/git-user/internal/ui/ui.go:432.19,433.21 1 0
github.com/divyo-argha/git-user/internal/ui/ui.go:435.2,435.15 1 0
github.com/divyo-argha/git-user/internal/ui/ui.go:438.37,442.2 3 0
github.com/divyo-argha/git-user/internal/ui/ui.go:447.35,448.14 1 0
github.com/divyo-argha/git-user/internal/ui/ui.go:448.14,450.17 2 0
github.com/divyo-argha/git-user/internal/ui/ui.go:450.18,450.19 0 0
github.com/divyo-argha/git-user/internal/ui/ui.go:453.2,465.12 5 0
github.com/divyo-argha/git-user/internal/ui/ui.go:465.12,470.3 3 0
github.com/divyo-argha/git-user/internal/ui/ui.go:472.2,472.16 1 0
github.com/divyo-argha/git-user/internal/ui/ui.go:472.16,475.3 2 0
github.com/divyo-argha/git-user/internal/tui/core/commands.go:20.32,21.24 1 1
github.com/divyo-argha/git-user/internal/tui/core/commands.go:21.24,24.3 2 1
github.com/divyo-argha/git-user/internal/tui/core/commands.go:30.30,31.24 1 0
github.com/divyo-argha/git-user/internal/tui/core/commands.go:31.24,33.19 2 0
github.com/divyo-argha/git-user/internal/tui/core/commands.go:33.19,35.4 1 0
github.com/divyo-argha/git-user/internal/tui/core/commands.go:37.3,38.17 2 0
github.com/divyo-argha/git-user/internal/tui/core/commands.go:38.17,40.4 1 0
github.com/divyo-argha/git-user/internal/tui/core/commands.go:41.3,45.17 4 0
github.com/divyo-argha/git-user/internal/tui/core/commands.go:45.17,47.4 1 0
github.com/divyo-argha/git-user/internal/tui/core/commands.go:49.3,49.62 1 0
github.com/divyo-argha/git-user/internal/tui/core/commands.go:56.45,57.45 1 1
github.com/divyo-argha/git-user/internal/tui/core/commands.go:57.45,59.3 1 1
github.com/divyo-argha/git-user/internal/tui/core/commands.go:63.92,64.24 1 1
github.com/divyo-argha/git-user/internal/tui/core/commands.go:64.24,66.3 1 1
github.com/divyo-argha/git-user/internal/tui/core/commands.go:72.48,73.24 1 0
github.com/divyo-argha/git-user/internal/tui/core/commands.go:73.24,76.3 2 0
github.com/divyo-argha/git-user/internal/tui/core/commands.go:86.39,89.16 3 0
github.com/divyo-argha/git-user/internal/tui/core/commands.go:89.16,91.3 1 0
github.com/divyo-argha/git-user/internal/tui/core/commands.go:93.2,94.16 2 0
github.com/divyo-argha/git-user/internal/tui/core/commands.go:94.16,96.3 1 0
github.com/divyo-argha/git-user/internal/tui/core/commands.go:98.2,101.18 3 0
github.com/divyo-argha/git-user/internal/tui/core/commands.go:101.18,103.3 1 0
github.com/divyo-argha/git-user/internal/tui/core/commands.go:105.2,106.16 2 0
github.com/divyo-argha/git-user/internal/tui/core/commands.go:106.16,108.3 1 0
github.com/divyo-argha/git-user/internal/tui/core/commands.go:109.2,113.16 4 0
github.com/divyo-argha/git-user/internal/tui/core/commands.go:113.16,115.3 1 0
github.com/divyo-argha/git-user/internal/tui/core/commands.go:117.2,117.27 1 0
github.com/divyo-argha/git-user/internal/tui/core/commands.go:117.27,118.45 1 0
github.com/divyo-argha/git-user/internal/tui/core/commands.go:118.45,120.4 1 0
github.com/divyo-argha/git-user/internal/tui/core/commands.go:122.2,122.14 1 0
github.com/divyo-argha/git-user/internal/tui/core/commands.go:126.52,127.24 1 0
github.com/divyo-argha/git-user/internal/tui/core/commands.go:127.24,129.17 2 0
github.com/divyo-argha/git-user/internal/tui/core/commands.go:129.17,131.4 1 0
github.com/divyo-argha/git-user/internal/tui/core/commands.go:133.3,134.17 2 0
github.com/divyo-argha/git-user/internal/tui/core/commands.go:134.17,136.4 1 0
github.com/divyo-argha/git-user/internal/tui/core/commands.go:138.3,138.53 1 0
github.com/divyo-argha/git-user/internal/tui/core/commands.go:138.53,140.4 1 0
github.com/divyo-argha/git-user/internal/tui/core/commands.go:142.3,142.51 1 0
github.com/divyo-argha/git-user/internal/tui/core/commands.go:154.112,155.24 1 0
github.com/divyo-argha/git-user/internal/tui/core/commands.go:155.24,157.20 2 0
github.com/divyo-argha/git-user/internal/tui/core/commands.go:157.20,159.4 1 0
github.com/divyo-argha/git-user/internal/tui/core/commands.go:160.3,163.20 3 0
github.com/divyo-argha/git-user/internal/tui/core/commands.go:163.20,165.4 1 0
github.com/divyo-argha/git-user/internal/tui/core/commands.go:167.3,173.170 3 0
github.com/divyo-argha/git-user/internal/tui/core/commands.go:173.170,179.4 1 0
github.com/divyo-argha/git-user/internal/tui/core/commands.go:181.3,181.42 1 0
github.com/divyo-argha/git-user/internal/tui/core/commands.go:181.42,182.37 1 0
github.com/divyo-argha/git-user/internal/tui/core/commands.go:182.37,191.5 2 0
github.com/divyo-argha/git-user/internal/tui/core/commands.go:194.3,198.4 1 0
github.com/divyo-argha/git-user/internal/tui/core/commands.go:203.54,204.18 1 0
github.com/divyo-argha/git-user/internal/tui/core/commands.go:205.16,208.16 2 0
github.com/divyo-argha/git-user/internal/tui/core/commands.go:208.16,210.17 2 0
github.com/divyo-argha/git-user/internal/tui/core/commands.go:210.17,212.5 1 0
github.com/divyo-argha/git-user/internal/tui/core/commands.go:214.16,217.16 2 0
github.com/divyo-argha/git-user/internal/tui/core/commands.go:217.16,219.17 2 0
github.com/divyo-argha/git-user/internal/tui/core/commands.go:219.17,221.5 1 0
github.com/divyo-argha/git-user/internal/tui/core/commands.go:223.19,226.16 2 0
github.com/divyo-argha/git-user/internal/tui/core/commands.go:226.16,228.17 2 0
github.com/divyo-argha/git-user/internal/tui/core/commands.go:228.17,230.5 1 0
github.com/divyo-argha/git-user/internal/tui/core/commands.go:233.2,233.11 1 0
github.com/divyo-argha/git-user/internal/tui/core/keymap.go:29.36,31.2 1 1
github.com/divyo-argha/git-user/internal/tui/core/keymap.go:36.29,38.2 1 1
github.com/divyo-argha/git-user/internal/tui/core/keymap.go:41.26,43.2 1 1
github.com/divyo-argha/git-user/internal/tui/core/keymap.go:46.24,48.2 1 1
github.com/divyo-argha/git-user/internal/tui/core/keymap.go:51.27,53.2 1 1
github.com/divyo-argha/git-user/internal/tui/core/keymap.go:56.26,58.2 1 1
github.com/divyo-argha/git-user/internal/tui/core/keymap.go:61.32,63.2 1 1
github.com/divyo-argha/git-user/internal/tui/core/keymap.go:66.27,68.2 1 0
github.com/divyo-argha/git-user/internal/identity/identity.go:18.31,19.11 1 1
github.com/divyo-argha/git-user/internal/identity/identity.go:20.21,21.21 1 1
github.com/divyo-argha/git-user/internal/identity/identity.go:22.21,23.21 1 1
github.com/divyo-argha/git-user/internal/identity/identity.go:24.10,25.19 1 1
github.com/divyo-argha/git-user/internal/identity/identity.go:44.37,46.16 2 1
github.com/divyo-argha/git-user/internal/identity/identity.go:46.16,48.3 1 0
github.com/divyo-argha/git-user/internal/identity/identity.go:50.2,51.16 2 1
github.com/divyo-argha/git-user/internal/identity/identity.go:51.16,53.3 1 0
github.com/divyo-argha/git-user/internal/identity/identity.go:55.2,60.25 2 1
github.com/divyo-argha/git-user/internal/identity/identity.go:60.25,62.18 2 1
github.com/divyo-argha/git-user/internal/identity/identity.go:62.18,70.4 1 1
github.com/divyo-argha/git-user/internal/identity/identity.go:73.2,73.21 1 1
github.com/divyo-argha/git-user/internal/identity/identity.go:76.74,77.31 1 1
github.com/divyo-argha/git-user/internal/identity/identity.go:77.31,79.3 1 1
github.com/divyo-argha/git-user/internal/identity/identity.go:81.2,88.22 2 1
github.com/divyo-argha/git-user/internal/identity/identity.go:91.74,92.31 1 0
github.com/divyo-argha/git-user/internal/identity/identity.go:92.31,94.3 1 0
github.com/divyo-argha/git-user/internal/identity/identity.go:96.2,96.59 1 0
github.com/divyo-argha/git-user/internal/identity/identity.go:96.59,98.3 1 0
github.com/divyo-argha/git-user/internal/identity/identity.go:100.2,100.51 1 0
github.com/divyo-argha/git-user/internal/identity/identity.go:100.51,102.3 1 0
github.com/divyo-argha/git-user/internal/identity/identity.go:104.2,111.22 2 0
github.com/divyo-argha/git-user/internal/identity/identity.go:114.42,116.2 1 1
github.com/divyo-argha/git-user/internal/identity/identity.go:118.50,120.2 1 0
github.com/divyo-argha/git-user/internal/identity/identity.go:122.43,133.22 6 1
github.com/divyo-argha/git-user/internal/identity/identity.go:133.22,135.3 1 1
github.com/divyo-argha/git-user/internal/identity/identity.go:137.2,138.12 2 1
github.com/divyo-argha/git-user/internal/identity/identity.go:141.43,142.28 1 0
github.com/divyo-argha/git-user/internal/identity/identity.go:142.28,146.3 3 0
github.com/divyo-argha/git-user/internal/identity/identity.go:148.2,150.49 2 0
github.com/divyo-argha/git-user/internal/identity/identity.go:150.49,151.66 1 0
github.com/divyo-argha/git-user/internal/identity/identity.go:151.66,153.4 1 0
github.com/divyo-argha/git-user/internal/identity/identity.go:156.2,156.31 1 0
github.com/divyo-argha/git-user/internal/identity/identity.go:156.31,157.64 1 0
github.com/divyo-argha/git-user/internal/identity/identity.go:157.64,159.4 1 0
github.com/divyo-argha/git-user/internal/identity/identity.go:160.8,161.47 1 0
github.com/divyo-argha/git-user/internal/identity/identity.go:161.48,162.4 0 0
github.com/divyo-argha/git-user/internal/identity/identity.go:165.2,165.51 1 0
github.com/divyo-argha/git-user/internal/identity/identity.go:165.51,167.18 2 0
github.com/divyo-argha/git-user/internal/identity/identity.go:167.18,175.4 1 0
github.com/divyo-argha/git-user/internal/identity/identity.go:176.8,178.3 1 0
github.com/divyo-argha/git-user/internal/identity/identity.go:180.2,182.12 2 0
github.com/divyo-argha/git-user/internal/identity/identity.go:185.54,186.21 1 0
github.com/divyo-argha/git-user/internal/identity/identity.go:186.21,188.3 1 0
github.com/divyo-argha/git-user/internal/identity/identity.go:190.2,190.65 1 0
github.com/divyo-argha/git-user/internal/identity/identity.go:190.65,192.3 1 0
github.com/divyo-argha/git-user/internal/identity/identity.go:194.2,194.27 1 0
github.com/divyo-argha/git-user/internal/identity/identity.go:194.27,195.59 1 0
github.com/divyo-argha/git-user/internal/identity/identity.go:195.59,197.4 1 0
github.com/divyo-argha/git-user/internal/identity/identity.go:200.2,202.36 2 0
github.com/divyo-argha/git-user/internal/identity/identity.go:202.36,203.65 1 0
github.com/divyo-argha/git-user/internal/identity/identity.go:203.65,205.4 1 0
github.com/divyo-argha/git-user/internal/identity/identity.go:206.3,206.52 1 0
github.com/divyo-argha/git-user/internal/identity/identity.go:206.52,208.4 1 0
github.com/divyo-argha/git-user/internal/identity/identity.go:211.2,211.12 1 0
github.com/divyo-argha/git-user/internal/identity/identity.go:214.49,216.2 1 0
github.com/divyo-argha/git-user/internal/identity/identity.go:218.40,220.16 2 0
github.com/divyo-argha/git-user/internal/identity/identity.go:220.16,222.3 1 0
github.com/divyo-argha/git-user/internal/identity/identity.go:223.2,224.12 2 0
github.com/divyo-argha/git-user/internal/identity/orphan.go:25.58,29.2 1 1
github.com/divyo-argha/git-user/internal/identity/orphan.go:32.57,35.16 2 1
github.com/divyo-argha/git-user/internal/identity/orphan.go:35.16,37.3 1 0
github.com/divyo-argha/git-user/internal/identity/orphan.go:39.2,42.40 3 1
github.com/divyo-argha/git-user/internal/identity/orphan.go:42.40,44.58 1 1
github.com/divyo-argha/git-user/internal/identity/orphan.go:44.58,47.12 1 1
github.com/divyo-argha/git-user/internal/identity/orphan.go:51.3,57.39 3 1
github.com/divyo-argha/git-user/internal/identity/orphan.go:57.39,65.4 1 1
github.com/divyo-argha/git-user/internal/identity/orphan.go:68.2,68.21 1 1
github.com/divyo-argha/git-user/internal/identity/orphan.go:72.71,75.33 2 1
github.com/divyo-argha/git-user/internal/identity/orphan.go:75.33,77.61 1 1
github.com/divyo-argha/git-user/internal/identity/orphan.go:77.61,79.12 2 0
github.com/divyo-argha/git-user/internal/identity/orphan.go:83.3,83.74 1 1
github.com/divyo-argha/git-user/internal/identity/orphan.go:83.74,85.4 1 0
github.com/divyo-argha/git-user/internal/identity/orphan.go:88.2,88.21 1 1
github.com/divyo-argha/git-user/internal/identity/orphan.go:88.21,90.3 1 0
github.com/divyo-argha/git-user/internal/identity/orphan.go:92.2,92.12 1 1
github.com/divyo-argha/git-user/internal/identity/orphan.go:96.37,97.14 1 1
github.com/divyo-argha/git-user/internal/identity/orphan.go:97.14,99.3 1 1
github.com/divyo-argha/git-user/internal/identity/orphan.go:102.2,103.16 2 1
github.com/divyo-argha/git-user/internal/identity/orphan.go:103.16,105.3 1 0
github.com/divyo-argha/git-user/internal/identity/orphan.go:108.2,109.16 2 1
github.com/divyo-argha/git-user/internal/identity/orphan.go:109.16,112.3 1 1
github.com/divyo-argha/git-user/internal/identity/orphan.go:114.2,114.13 1 1
github.com/divyo-argha/git-user/internal/identity/orphan.go:118.63,120.16 2 1
github.com/divyo-argha/git-user/internal/identity/orphan.go:120.16,122.3 1 0
github.com/divyo-argha/git-user/internal/identity/orphan.go:125.2,126.40 2 1
github.com/divyo-argha/git-user/internal/identity/orphan.go:126.40,127.50 1 1
github.com/divyo-argha/git-user/internal/identity/orphan.go:127.50,130.4 1 1
github.com/divyo-argha/git-user/internal/identity/orphan.go:134.2,134.44 1 1
github.com/divyo-argha/git-user/internal/identity/orphan.go:134.44,136.60 2 1
github.com/divyo-argha/git-user/internal/identity/orphan.go:136.60,138.4 1 0
github.com/divyo-argha/git-user/internal/identity/orphan.go:141.2,141.12 1 1
github.com/divyo-argha/git-user/internal/identity/secure.go:10.38,13.16 2 1
github.com/divyo-argha/git-user/internal/identity/secure.go:13.16,14.25 1 1
github.com/divyo-argha/git-user/internal/identity/secure.go:14.25,17.4 1 1
github.com/divyo-argha/git-user/internal/identity/secure.go:18.3,18.42 1 0
github.com/divyo-argha/git-user/internal/identity/secure.go:22.2,22.18 1 1
github.com/divyo-argha/git-user/internal/identity/secure.go:22.18,24.3 1 1
github.com/divyo-argha/git-user/internal/identity/secure.go:27.2,28.16 2 1
github.com/divyo-argha/git-user/internal/identity/secure.go:28.16,30.3 1 0
github.com/divyo-argha/git-user/internal/identity/secure.go:31.2,38.34 4 1
github.com/divyo-argha/git-user/internal/identity/secure.go:38.34,40.41 1 1
github.com/divyo-argha/git-user/internal/identity/secure.go:40.41,42.4 1 0
github.com/divyo-argha/git-user/internal/identity/secure.go:45.3,46.21 2 1
github.com/divyo-argha/git-user/internal/identity/secure.go:46.21,48.27 2 1
github.com/divyo-argha/git-user/internal/identity/secure.go:48.27,50.5 1 1
github.com/divyo-argha/git-user/internal/identity/secure.go:52.4,53.18 2 1
github.com/divyo-argha/git-user/internal/identity/secure.go:53.18,55.5 1 0
github.com/divyo-argha/git-user/internal/identity/secure.go:56.4,56.25 1 1
github.com/divyo-argha/git-user/internal/identity/secure.go:60.3,60.34 1 1
github.com/divyo-argha/git-user/internal/identity/secure.go:60.34,62.4 1 0
github.com/divyo-argha/git-user/internal/identity/secure.go:66.2,66.34 1 1
github.com/divyo-argha/git-user/internal/identity/secure.go:66.34,68.3 1 0
github.com/divyo-argha/git-user/internal/identity/secure.go:71.2,71.40 1 1
github.com/divyo-argha/git-user/internal/identity/secure.go:71.40,73.3 1 0
github.com/divyo-argha/git-user/internal/identity/secure.go:75.2,75.12 1 1
github.com/divyo-argha/git-user/internal/identity/secure.go:79.55,83.53 2 1
github.com/divyo-argha/git-user/internal/identity/secure.go:83.53,85.3 1 0
github.com/divyo-argha/git-user/internal/identity/secure.go:88.2,88.52 1 1
github.com/divyo-argha/git-user/internal/identity/secure.go:88.52,90.26 1 0
github.com/divyo-argha/git-user/internal/identity/secure.go:90.26,92.4 1 0
github.com/divyo-argha/git-user/internal/identity/secure.go:95.2,95.12 1 1
github.com/divyo-argha/git-user/internal/identity/snapshot.go:15.43,17.2 1 1
github.com/divyo-argha/git-user/internal/identity/state.go:26.62,28.16 2 1
github.com/divyo-argha/git-user/internal/identity/state.go:28.16,29.25 1 1
github.com/divyo-argha/git-user/internal/identity/state.go:29.25,35.4 1 1
github.com/divyo-argha/git-user/internal/identity/state.go:36.3,36.56 1 0
github.com/divyo-argha/git-user/internal/identity/state.go:39.2,40.53 2 1
github.com/divyo-argha/git-user/internal/identity/state.go:40.53,47.3 1 1
github.com/divyo-argha/git-user/internal/identity/state.go:49.2,49.20 1 1
github.com/divyo-argha/git-user/internal/identity/state.go:53.66,59.16 3 1
github.com/divyo-argha/git-user/internal/identity/state.go:59.16,61.3 1 0
github.com/divyo-argha/git-user/internal/identity/state.go:64.2,65.58 2 1
github.com/divyo-argha/git-user/internal/identity/state.go:65.58,67.3 1 0
github.com/divyo-argha/git-user/internal/identity/state.go:70.2,70.54 1 1
github.com/divyo-argha/git-user/internal/identity/state.go:70.54,73.3 2 0
github.com/divyo-argha/git-user/internal/identity/state.go:75.2,75.12 1 1
github.com/divyo-argha/git-user/internal/identity/state.go:79.66,81.16 2 1
github.com/divyo-argha/git-user/internal/identity/state.go:81.16,83.3 1 0
github.com/divyo-argha/git-user/internal/identity/state.go:86.2,87.44 2 1
github.com/divyo-argha/git-user/internal/identity/state.go:87.44,88.39 1 1
github.com/divyo-argha/git-user/internal/identity/state.go:88.39,91.9 3 1
github.com/divyo-argha/git-user/internal/identity/state.go:96.2,96.12 1 1
github.com/divyo-argha/git-user/internal/identity/state.go:96.12,98.3 1 1
github.com/divyo-argha/git-user/internal/identity/state.go:100.2,100.40 1 1
github.com/divyo-argha/git-user/internal/identity/state.go:104.58,106.16 2 1
github.com/divyo-argha/git-user/internal/identity/state.go:106.16,108.3 1 0
github.com/divyo-argha/git-user/internal/identity/state.go:111.2,112.40 2 1
github.com/divyo-argha/git-user/internal/identity/state.go:112.40,113.30 1 1
github.com/divyo-argha/git-user/internal/identity/state.go:113.30,115.4 1 1
github.com/divyo-argha/git-user/internal/identity/state.go:118.2,119.40 2 1
github.com/divyo-argha/git-user/internal/identity/temp.go:25.45,27.16 2 1
github.com/divyo-argha/git-user/internal/identity/temp.go:27.16,29.3 1 0
github.com/divyo-argha/git-user/internal/identity/temp.go:31.2,35.55 4 1
github.com/divyo-argha/git-user/internal/identity/temp.go:35.55,37.3 1 0
github.com/divyo-argha/git-user/internal/identity/temp.go:39.2,47.44 3 1
github.com/divyo-argha/git-user/internal/identity/temp.go:47.45,48.3 0 0
github.com/divyo-argha/git-user/internal/identity/temp.go:50.2,50.21 1 1
github.com/divyo-argha/git-user/internal/identity/temp.go:53.54,55.16 2 1
github.com/divyo-argha/git-user/internal/identity/temp.go:55.16,57.3 1 1
github.com/divyo-argha/git-user/internal/identity/temp.go:59.2,59.19 1 1
github.com/divyo-argha/git-user/internal/identity/temp.go:59.19,61.3 1 0
github.com/divyo-argha/git-user/internal/identity/temp.go:63.2,64.20 2 1
github.com/divyo-argha/git-user/internal/identity/temp.go:64.20,66.3 1 1
github.com/divyo-argha/git-user/internal/identity/temp.go:68.2,68.12 1 1
github.com/divyo-argha/git-user/internal/identity/temp.go:71.44,73.2 1 1
github.com/divyo-argha/git-user/internal/identity/temp.go:75.64,77.2 1 1
github.com/divyo-argha/git-user/internal/identity/temp.go:79.60,81.2 1 1
github.com/divyo-argha/git-user/internal/identity/temp.go:83.80,86.2 2 1
github.com/divyo-argha/git-user/internal/identity/temp.go:88.61,91.2 2 1
github.com/divyo-argha/git-user/internal/identity/temp.go:93.73,96.2 2 1
github.com/divyo-argha/git-user/internal/identity/temp.go:98.42,100.16 2 1
github.com/divyo-argha/git-user/internal/identity/temp.go:100.16,102.3 1 0
github.com/divyo-argha/git-user/internal/identity/temp.go:104.2,104.40 1 1
github.com/divyo-argha/git-user/internal/identity/temp.go:104.40,113.3 2 0
github.com/divyo-argha/git-user/internal/identity/temp.go:115.2,115.12 1 1
github.com/divyo-argha/git-user/internal/identity/temp.go:118.42,124.40 2 1
github.com/divyo-argha/git-user/internal/identity/temp.go:124.40,133.3 2 1
github.com/divyo-argha/git-user/internal/identity/temp.go:135.2,135.43 1 1
github.com/divyo-argha/git-user/internal/git/git.go:9.38,11.2 1 1
github.com/divyo-argha/git-user/internal/git/git.go:13.55,14.60 1 1
github.com/divyo-argha/git-user/internal/git/git.go:14.60,16.3 1 0
github.com/divyo-argha/git-user/internal/git/git.go:17.2,17.62 1 1
github.com/divyo-argha/git-user/internal/git/git.go:17.62,19.3 1 0
github.com/divyo-argha/git-user/internal/git/git.go:20.2,20.12 1 1
github.com/divyo-argha/git-user/internal/git/git.go:24.22,26.2 1 0
github.com/divyo-argha/git-user/internal/git/git.go:28.37,30.11 2 0
github.com/divyo-argha/git-user/internal/git/git.go:30.11,32.3 1 0
github.com/divyo-argha/git-user/internal/git/git.go:33.2,36.33 4 0
github.com/divyo-argha/git-user/internal/git/git.go:39.27,42.2 2 1
github.com/divyo-argha/git-user/internal/git/git.go:44.33,47.2 2 0
github.com/divyo-argha/git-user/internal/git/git.go:49.28,52.2 2 1
github.com/divyo-argha/git-user/internal/git/git.go:54.34,57.2 2 0
github.com/divyo-argha/git-user/internal/git/git.go:59.33,62.2 2 0
github.com/divyo-argha/git-user/internal/git/git.go:64.39,67.2 2 0
github.com/divyo-argha/git-user/internal/git/git.go:69.33,72.2 2 1
github.com/divyo-argha/git-user/internal/git/git.go:74.39,77.2 2 0
github.com/divyo-argha/git-user/internal/git/git.go:79.33,82.2 2 1
github.com/divyo-argha/git-user/internal/git/git.go:84.39,87.2 2 0
github.com/divyo-argha/git-user/internal/git/git.go:89.36,92.2 2 1
github.com/divyo-argha/git-user/internal/git/git.go:94.42,97.2 2 0
github.com/divyo-argha/git-user/internal/git/git.go:99.41,101.2 1 1
github.com/divyo-argha/git-user/internal/git/git.go:103.58,106.2 2 1
github.com/divyo-argha/git-user/internal/git/git.go:108.38,110.2 1 0
github.com/divyo-argha/git-user/internal/git/git.go:112.55,114.2 1 0
github.com/divyo-argha/git-user/internal/git/git.go:116.30,118.2 1 1
github.com/divyo-argha/git-user/internal/git/git.go:120.45,122.11 2 1
github.com/divyo-argha/git-user/internal/git/git.go:122.11,124.3 1 0
github.com/divyo-argha/git-user/internal/git/git.go:125.2,127.12 3 1
github.com/divyo-argha/git-user/internal/git/git.go:130.49,132.2 1 1
github.com/divyo-argha/git-user/internal/git/git.go:134.66,136.11 2 1
github.com/divyo-argha/git-user/internal/git/git.go:136.11,138.3 1 0
github.com/divyo-argha/git-user/internal/git/git.go:139.2,139.21 1 1
github.com/divyo-argha/git-user/internal/git/git.go:139.21,140.63 1 1
github.com/divyo-argha/git-user/internal/git/git.go:140.63,142.4 1 0
github.com/divyo-argha/git-user/internal/git/git.go:143.8,143.28 1 0
github.com/divyo-argha/git-user/internal/git/git.go:143.28,145.3 1 0
github.com/divyo-argha/git-user/internal/git/git.go:147.2,147.65 1 1
github.com/divyo-argha/git-user/internal/git/git.go:147.65,149.3 1 0
github.com/divyo-argha/git-user/internal/git/git.go:150.2,150.67 1 1
github.com/divyo-argha/git-user/internal/git/git.go:150.67,152.3 1 0
github.com/divyo-argha/git-user/internal/git/git.go:153.2,153.12 1 1
github.com/divyo-argha/git-user/internal/git/git.go:156.28,158.2 1 1
github.com/divyo-argha/git-user/internal/git/git.go:160.43,162.11 2 1
github.com/divyo-argha/git-user/internal/git/git.go:162.11,164.3 1 0
github.com/divyo-argha/git-user/internal/git/git.go:165.2,167.72 3 1
github.com/divyo-argha/git-user/internal/git/git.go:170.25,173.2 2 1
github.com/divyo-argha/git-user/internal/git/git.go:175.53,177.11 2 1
github.com/divyo-argha/git-user/internal/git/git.go:177.11,179.3 1 0
github.com/divyo-argha/git-user/internal/git/git.go:180.2,182.16 3 1
github.com/divyo-argha/git-user/internal/git/git.go:182.16,184.3 1 0
github.com/divyo-argha/git-user/internal/git/git.go:185.2,185.12 1 1
github.com/divyo-argha/git-user/internal/git/git.go:188.56,190.11 2 0
github.com/divyo-argha/git-user/internal/git/git.go:190.11,192.3 1 0
github.com/divyo-argha/git-user/internal/git/git.go:193.2,195.16 3 0
github.com/divyo-argha/git-user/internal/git/git.go:195.16,197.3 1 0
github.com/divyo-argha/git-user/internal/git/git.go:198.2,198.44 1 0
github.com/divyo-argha/git-user/internal/git/git.go:201.52,204.16 3 1
github.com/divyo-argha/git-user/internal/git/git.go:204.16,206.3 1 1
github.com/divyo-argha/git-user/internal/git/git.go:207.2,207.44 1 1
github.com/divyo-argha/git-user/internal/git/git.go:210.30,213.2 2 0
github.com/divyo-argha/git-user/internal/git/git.go:215.22,218.2 2 1
github.com/divyo-argha/git-user/internal/git/git.go:220.50,223.16 3 0
github.com/divyo-argha/git-user/internal/git/git.go:223.16,225.3 1 0
github.com/divyo-argha/git-user/internal/git/git.go:226.2,226.44 1 0
github.com/divyo-argha/git-user/internal/git/git.go:229.45,232.2 2 0
github.com/divyo-argha/git-user/internal/git/git.go:234.38,237.16 3 0
github.com/divyo-argha/git-user/internal/git/git.go:237.16,239.3 1 0
github.com/divyo-argha/git-user/internal/git/git.go:240.2,242.29 3 0
github.com/divyo-argha/git-user/internal/git/git.go:242.29,243.17 1 0
github.com/divyo-argha/git-user/internal/git/git.go:243.17,245.4 1 0
github.com/divyo-argha/git-user/internal/git/git.go:247.2,247.21 1 0
github.com/divyo-argha/git-user/internal/git/git.go:253.29,255.37 2 0
github.com/divyo-argha/git-user/internal/git/git.go:255.37,257.3 1 0
github.com/divyo-argha/git-user/internal/git/git.go:258.2,258.33 1 0
github.com/divyo-argha/git-user/internal/git/git.go:258.33,260.17 2 0
github.com/divyo-argha/git-user/internal/git/git.go:260.17,261.12 1 0
github.com/divyo-argha/git-user/internal/git/git.go:263.3,263.41 1 0
github.com/divyo-argha/git-user/internal/git/git.go:263.41,265.4 1 0
github.com/divyo-argha/git-user/internal/git/git.go:267.2,267.14 1 0
github.com/divyo-argha/git-user/internal/git/git.go:270.56,271.46 1 1
github.com/divyo-argha/git-user/internal/git/git.go:271.46,273.3 1 1
github.com/divyo-argha/git-user/internal/git/git.go:275.2,279.21 4 1
github.com/divyo-argha/git-user/internal/git/git.go:279.21,281.3 1 0
github.com/divyo-argha/git-user/internal/git/git.go:283.2,287.55 3 1
github.com/divyo-argha/git-user/internal/git/git.go:287.55,289.3 1 1
github.com/divyo-argha/git-user/internal/git/git.go:291.2,291.55 1 1
github.com/divyo-argha/git-user/internal/git/git.go:295.29,297.16 2 1
github.com/divyo-argha/git-user/internal/git/git.go:297.16,299.3 1 0
github.com/divyo-argha/git-user/internal/git/git.go:300.2,300.39 1 1
github.com/divyo-argha/git-user/internal/git/git.go:304.31,306.16 2 1
github.com/divyo-argha/git-user/internal/git/git.go:306.16,308.3 1 0
github.com/divyo-argha/git-user/internal/git/git.go:309.2,310.15 2 1
github.com/divyo-argha/git-user/internal/git/git.go:310.15,312.3 1 0
github.com/divyo-argha/git-user/internal/git/git.go:313.2,313.44 1 1
github.com/divyo-argha/git-user/logo/logo_small.go:17.39,19.2 1 1
github.com/divyo-argha/git-user/logo/logo_small.go:22.32,24.42 2 1
github.com/divyo-argha/git-user/logo/logo_small.go:24.42,25.36 1 1
github.com/divyo-argha/git-user/logo/logo_small.go:25.36,27.4 1 1
github.com/divyo-argha/git-user/logo/logo_small.go:29.2,29.12 1 1
github.com/divyo-argha/git-user/test/runner/main.go:20.13,36.16 9 0
github.com/divyo-argha/git-user/test/runner/main.go:36.16,39.3 2 0
github.com/divyo-argha/git-user/test/runner/main.go:40.2,42.36 2 0
github.com/divyo-argha/git-user/test/runner/main.go:42.36,45.3 2 0
github.com/divyo-argha/git-user/test/runner/main.go:47.2,63.21 8 0
github.com/divyo-argha/git-user/test/runner/main.go:63.21,67.108 2 0
github.com/divyo-argha/git-user/test/runner/main.go:67.108,68.38 1 0
github.com/divyo-argha/git-user/test/runner/main.go:68.38,70.5 1 0
github.com/divyo-argha/git-user/test/runner/main.go:73.3,73.74 1 0
github.com/divyo-argha/git-user/test/runner/main.go:73.74,75.4 1 0
github.com/divyo-argha/git-user/test/runner/main.go:78.3,78.68 1 0
github.com/divyo-argha/git-user/test/runner/main.go:78.68,82.44 4 0
github.com/divyo-argha/git-user/test/runner/main.go:82.44,84.5 1 0
github.com/divyo-argha/git-user/test/runner/main.go:84.10,86.5 1 0
github.com/divyo-argha/git-user/test/runner/main.go:87.4,92.6 1 0
github.com/divyo-argha/git-user/test/runner/main.go:93.9,93.77 1 0
github.com/divyo-argha/git-user/test/runner/main.go:93.77,102.4 3 0
github.com/divyo-argha/git-user/test/runner/main.go:102.9,102.77 1 0
github.com/divyo-argha/git-user/test/runner/main.go:102.77,110.4 2 0
github.com/divyo-argha/git-user/test/runner/main.go:113.2,118.51 4 0
github.com/divyo-argha/git-user/test/runner/main.go:118.51,121.17 3 0
github.com/divyo-argha/git-user/test/runner/main.go:121.17,123.34 2 0
github.com/divyo-argha/git-user/test/runner/main.go:123.34,125.42 2 0
github.com/divyo-argha/git-user/test/runner/main.go:125.42,127.25 2 0
github.com/divyo-argha/git-user/test/runner/main.go:127.25,129.7 1 0
github.com/divyo-argha/git-user/test/runner/main.go:136.2,140.29 4 0
github.com/divyo-argha/git-user/test/runner/main.go:140.29,146.22 3 0
github.com/divyo-argha/git-user/test/runner/main.go:147.15,149.60 2 0
github.com/divyo-argha/git-user/test/runner/main.go:150.15,152.34 2 0
github.com/divyo-argha/git-user/test/runner/main.go:153.15,155.46 2 0
github.com/divyo-argha/git-user/test/runner/main.go:158.3,160.68 2 0
github.com/divyo-argha/git-user/test/runner/main.go:163.2,165.26 2 0
github.com/divyo-argha/git-user/test/runner/main.go:165.26,168.34 3 0
github.com/divyo-argha/git-user/test/runner/main.go:168.34,170.4 1 0
github.com/divyo-argha/git-user/test/runner/main.go:173.2,178.45 5 0
github.com/divyo-argha/git-user/test/runner/main.go:178.45,182.3 3 0
github.com/divyo-argha/git-user/test/runner/main.go:182.8,186.3 3 0
github.com/divyo-argha/git-user/test/runner/main.go:189.46,191.20 2 1
github.com/divyo-argha/git-user/test/runner/main.go:191.20,193.3 1 1
github.com/divyo-argha/git-user/test/runner/main.go:194.2,194.45 1 1
github.com/divyo-argha/git-user/internal/tui/screens/confirm.go:20.68,27.2 1 1
github.com/divyo-argha/git-user/internal/tui/screens/confirm.go:29.34,29.48 1 0
github.com/divyo-argha/git-user/internal/tui/screens/confirm.go:31.34,31.54 1 0
github.com/divyo-argha/git-user/internal/tui/screens/confirm.go:33.38,33.67 1 0
github.com/divyo-argha/git-user/internal/tui/screens/confirm.go:35.62,36.27 1 1
github.com/divyo-argha/git-user/internal/tui/screens/confirm.go:37.18,38.71 1 1
github.com/divyo-argha/git-user/internal/tui/screens/confirm.go:38.71,39.29 1 0
github.com/divyo-argha/git-user/internal/tui/screens/confirm.go:39.29,41.5 1 0
github.com/divyo-argha/git-user/internal/tui/screens/confirm.go:43.3,43.23 1 1
github.com/divyo-argha/git-user/internal/tui/screens/confirm.go:45.32,46.16 1 1
github.com/divyo-argha/git-user/internal/tui/screens/confirm.go:48.33,49.16 1 1
github.com/divyo-argha/git-user/internal/tui/screens/confirm.go:51.17,52.29 1 1
github.com/divyo-argha/git-user/internal/tui/screens/confirm.go:52.29,54.5 1 1
github.com/divyo-argha/git-user/internal/tui/screens/confirm.go:56.17,57.29 1 0
github.com/divyo-argha/git-user/internal/tui/screens/confirm.go:57.29,59.5 1 0
github.com/divyo-argha/git-user/internal/tui/screens/confirm.go:61.22,62.29 1 1
github.com/divyo-argha/git-user/internal/tui/screens/confirm.go:62.29,64.5 1 1
github.com/divyo-argha/git-user/internal/tui/screens/confirm.go:66.22,67.22 1 0
github.com/divyo-argha/git-user/internal/tui/screens/confirm.go:70.2,70.15 1 1
github.com/divyo-argha/git-user/internal/tui/screens/confirm.go:73.50,77.16 3 0
github.com/divyo-argha/git-user/internal/tui/screens/confirm.go:77.16,79.3 1 0
github.com/divyo-argha/git-user/internal/tui/screens/confirm.go:80.2,80.19 1 0
github.com/divyo-argha/git-user/internal/tui/screens/confirm.go:80.19,82.3 1 0
github.com/divyo-argha/git-user/internal/tui/screens/confirm.go:84.2,85.16 2 0
github.com/divyo-argha/git-user/internal/tui/screens/confirm.go:85.16,87.3 1 0
github.com/divyo-argha/git-user/internal/tui/screens/confirm.go:88.2,88.30 1 0
github.com/divyo-argha/git-user/internal/tui/screens/confirm.go:88.30,90.3 1 0
github.com/divyo-argha/git-user/internal/tui/screens/confirm.go:92.2,100.19 7 0
github.com/divyo-argha/git-user/internal/tui/screens/confirm.go:100.19,103.3 2 0
github.com/divyo-argha/git-user/internal/tui/screens/confirm.go:103.8,106.3 2 0
github.com/divyo-argha/git-user/internal/tui/screens/confirm.go:108.2,115.17 6 0
github.com/divyo-argha/git-user/internal/tui/screens/confirm.go:115.17,117.3 1 0
github.com/divyo-argha/git-user/internal/tui/screens/confirm.go:118.2,119.48 2 0
github.com/divyo-argha/git-user/internal/tui/screens/confirm.go:119.48,123.3 3 0
github.com/divyo-argha/git-user/internal/tui/screens/confirm.go:125.2,125.20 1 0
github.com/divyo-argha/git-user/internal/tui/screens/dashboard.go:31.67,39.2 1 1
github.com/divyo-argha/git-user/internal/tui/screens/dashboard.go:41.36,41.50 1 0
github.com/divyo-argha/git-user/internal/tui/screens/dashboard.go:42.36,42.58 1 0
github.com/divyo-argha/git-user/internal/tui/screens/dashboard.go:43.40,45.2 1 0
github.com/divyo-argha/git-user/internal/tui/screens/dashboard.go:47.64,48.27 1 1
github.com/divyo-argha/git-user/internal/tui/screens/dashboard.go:49.24,52.16 3 0
github.com/divyo-argha/git-user/internal/tui/screens/dashboard.go:53.30,54.41 1 0
github.com/divyo-argha/git-user/internal/tui/screens/dashboard.go:54.41,57.4 2 0
github.com/divyo-argha/git-user/internal/tui/screens/dashboard.go:58.20,59.28 1 0
github.com/divyo-argha/git-user/internal/tui/screens/dashboard.go:60.18,61.26 1 1
github.com/divyo-argha/git-user/internal/tui/screens/dashboard.go:63.2,63.15 1 0
github.com/divyo-argha/git-user/internal/tui/screens/dashboard.go:66.74,67.20 1 0
github.com/divyo-argha/git-user/internal/tui/screens/dashboard.go:68.27,69.41 1 0
github.com/divyo-argha/git-user/internal/tui/screens/dashboard.go:69.41,70.18 1 0
github.com/divyo-argha/git-user/internal/tui/screens/dashboard.go:70.18,72.5 1 0
github.com/divyo-argha/git-user/internal/tui/screens/dashboard.go:72.10,74.5 1 0
github.com/divyo-argha/git-user/internal/tui/screens/dashboard.go:76.30,77.37 1 0
github.com/divyo-argha/git-user/internal/tui/screens/dashboard.go:77.37,79.4 1 0
github.com/divyo-argha/git-user/internal/tui/screens/dashboard.go:79.9,81.4 1 0
github.com/divyo-argha/git-user/internal/tui/screens/dashboard.go:82.32,83.37 1 0
github.com/divyo-argha/git-user/internal/tui/screens/dashboard.go:83.37,85.4 1 0
github.com/divyo-argha/git-user/internal/tui/screens/dashboard.go:85.9,87.4 1 0
github.com/divyo-argha/git-user/internal/tui/screens/dashboard.go:89.2,89.15 1 0
github.com/divyo-argha/git-user/internal/tui/screens/dashboard.go:92.70,93.22 1 1
github.com/divyo-argha/git-user/internal/tui/screens/dashboard.go:94.35,95.21 1 1
github.com/divyo-argha/git-user/internal/tui/screens/dashboard.go:96.19,99.122 1 0
github.com/divyo-argha/git-user/internal/tui/screens/dashboard.go:100.19,101.37 1 1
github.com/divyo-argha/git-user/internal/tui/screens/dashboard.go:101.37,103.4 1 1
github.com/divyo-argha/git-user/internal/tui/screens/dashboard.go:103.9,105.4 1 0
github.com/divyo-argha/git-user/internal/tui/screens/dashboard.go:106.16,107.37 1 0
github.com/divyo-argha/git-user/internal/tui/screens/dashboard.go:107.37,109.55 2 0
github.com/divyo-argha/git-user/internal/tui/screens/dashboard.go:109.55,110.30 1 0
github.com/divyo-argha/git-user/internal/tui/screens/dashboard.go:110.30,112.6 1 0
github.com/divyo-argha/git-user/internal/tui/screens/dashboard.go:115.31,116.32 1 1
github.com/divyo-argha/git-user/internal/tui/screens/dashboard.go:117.32,118.29 1 0
github.com/divyo-argha/git-user/internal/tui/screens/dashboard.go:119.29,120.37 1 0
github.com/divyo-argha/git-user/internal/tui/screens/dashboard.go:120.37,122.4 1 0
github.com/divyo-argha/git-user/internal/tui/screens/dashboard.go:122.9,124.4 1 0
github.com/divyo-argha/git-user/internal/tui/screens/dashboard.go:125.31,126.37 1 0
github.com/divyo-argha/git-user/internal/tui/screens/dashboard.go:126.37,128.4 1 0
github.com/divyo-argha/git-user/internal/tui/screens/dashboard.go:128.9,130.4 1 0
github.com/divyo-argha/git-user/internal/tui/screens/dashboard.go:131.21,132.25 1 1
github.com/divyo-argha/git-user/internal/tui/screens/dashboard.go:134.2,134.15 1 1
github.com/divyo-argha/git-user/internal/tui/screens/dashboard.go:138.58,139.36 1 1
github.com/divyo-argha/git-user/internal/tui/screens/dashboard.go:139.36,141.18 2 1
github.com/divyo-argha/git-user/internal/tui/screens/dashboard.go:141.18,143.4 1 0
github.com/divyo-argha/git-user/internal/tui/screens/dashboard.go:144.3,144.20 1 1
github.com/divyo-argha/git-user/internal/tui/screens/dashboard.go:144.20,145.29 1 0
github.com/divyo-argha/git-user/internal/tui/screens/dashboard.go:145.29,147.5 1 0
github.com/divyo-argha/git-user/internal/tui/screens/dashboard.go:149.3,150.18 2 1
github.com/divyo-argha/git-user/internal/tui/screens/dashboard.go:150.18,151.29 1 1
github.com/divyo-argha/git-user/internal/tui/screens/dashboard.go:151.29,155.5 1 1
github.com/divyo-argha/git-user/internal/tui/screens/dashboard.go:157.8,159.18 2 0
github.com/divyo-argha/git-user/internal/tui/screens/dashboard.go:159.18,161.4 1 0
github.com/divyo-argha/git-user/internal/tui/screens/dashboard.go:162.3,162.25 1 0
github.com/divyo-argha/git-user/internal/tui/screens/dashboard.go:162.25,164.4 1 0
github.com/divyo-argha/git-user/internal/tui/screens/dashboard.go:165.3,165.28 1 0
github.com/divyo-argha/git-user/internal/tui/screens/dashboard.go:165.28,167.4 1 0
github.com/divyo-argha/git-user/internal/tui/screens/dashboard.go:169.2,169.15 1 0
github.com/divyo-argha/git-user/internal/tui/screens/dashboard.go:172.52,175.33 2 0
github.com/divyo-argha/git-user/internal/tui/screens/dashboard.go:175.33,178.3 2 0
github.com/divyo-argha/git-user/internal/tui/screens/dashboard.go:181.2,185.20 3 0
github.com/divyo-argha/git-user/internal/tui/screens/dashboard.go:185.20,187.3 1 0
github.com/divyo-argha/git-user/internal/tui/screens/dashboard.go:189.2,193.36 4 0
github.com/divyo-argha/git-user/internal/tui/screens/dashboard.go:193.36,196.3 2 0
github.com/divyo-argha/git-user/internal/tui/screens/dashboard.go:196.8,199.3 2 0
github.com/divyo-argha/git-user/internal/tui/screens/dashboard.go:201.2,201.72 1 0
github.com/divyo-argha/git-user/internal/tui/screens/dashboard.go:204.64,205.36 1 0
github.com/divyo-argha/git-user/internal/tui/screens/dashboard.go:205.36,208.3 2 0
github.com/divyo-argha/git-user/internal/tui/screens/dashboard.go:209.2,210.58 2 0
github.com/divyo-argha/git-user/internal/tui/screens/dashboard.go:213.50,216.2 2 0
github.com/divyo-argha/git-user/internal/tui/screens/dashboard.go:218.51,221.2 2 0
github.com/divyo-argha/git-user/internal/tui/screens/detail.go:28.74,38.2 3 1
github.com/divyo-argha/git-user/internal/tui/screens/detail.go:40.35,42.17 2 1
github.com/divyo-argha/git-user/internal/tui/screens/detail.go:42.17,44.3 1 0
github.com/divyo-argha/git-user/internal/tui/screens/detail.go:45.2,48.55 3 1
github.com/divyo-argha/git-user/internal/tui/screens/detail.go:48.55,50.3 1 0
github.com/divyo-argha/git-user/internal/tui/screens/detail.go:52.2,54.15 2 1
github.com/divyo-argha/git-user/internal/tui/screens/detail.go:54.15,73.20 15 1
github.com/divyo-argha/git-user/internal/tui/screens/detail.go:73.20,75.4 1 0
github.com/divyo-argha/git-user/internal/tui/screens/detail.go:75.9,77.4 1 1
github.com/divyo-argha/git-user/internal/tui/screens/detail.go:78.3,78.9 1 1
github.com/divyo-argha/git-user/internal/tui/screens/detail.go:82.2,92.23 7 1
github.com/divyo-argha/git-user/internal/tui/screens/detail.go:92.23,94.3 1 1
github.com/divyo-argha/git-user/internal/tui/screens/detail.go:95.2,98.23 3 1
github.com/divyo-argha/git-user/internal/tui/screens/detail.go:98.23,99.26 1 1
github.com/divyo-argha/git-user/internal/tui/screens/detail.go:99.26,100.29 1 0
github.com/divyo-argha/git-user/internal/tui/screens/detail.go:100.29,102.5 1 0
github.com/divyo-argha/git-user/internal/tui/screens/detail.go:102.10,104.5 1 0
github.com/divyo-argha/git-user/internal/tui/screens/detail.go:105.9,107.4 1 1
github.com/divyo-argha/git-user/internal/tui/screens/detail.go:109.2,112.23 3 1
github.com/divyo-argha/git-user/internal/tui/screens/detail.go:112.23,113.25 1 1
github.com/divyo-argha/git-user/internal/tui/screens/detail.go:113.25,114.19 1 0
github.com/divyo-argha/git-user/internal/tui/screens/detail.go:114.19,116.5 1 0
github.com/divyo-argha/git-user/internal/tui/screens/detail.go:116.10,118.5 1 0
github.com/divyo-argha/git-user/internal/tui/screens/detail.go:119.9,121.4 1 1
github.com/divyo-argha/git-user/internal/tui/screens/detail.go:123.2,128.34 4 1
github.com/divyo-argha/git-user/internal/tui/screens/detail.go:128.34,131.17 3 1
github.com/divyo-argha/git-user/internal/tui/screens/detail.go:132.19,133.51 1 1
github.com/divyo-argha/git-user/internal/tui/screens/detail.go:134.20,136.90 2 0
github.com/divyo-argha/git-user/internal/tui/screens/detail.go:137.20,138.49 1 0
github.com/divyo-argha/git-user/internal/tui/screens/detail.go:139.24,140.80 1 0
github.com/divyo-argha/git-user/internal/tui/screens/detail.go:141.11,142.54 1 0
github.com/divyo-argha/git-user/internal/tui/screens/detail.go:144.3,144.103 1 1
github.com/divyo-argha/git-user/internal/tui/screens/detail.go:148.2,151.46 3 1
github.com/divyo-argha/git-user/internal/tui/screens/detail.go:151.46,153.3 1 0
github.com/divyo-argha/git-user/internal/tui/screens/detail.go:154.2,158.14 3 1
github.com/divyo-argha/git-user/internal/tui/screens/detail.go:158.14,160.3 1 1
github.com/divyo-argha/git-user/internal/tui/screens/detail.go:160.8,166.3 1 0
github.com/divyo-argha/git-user/internal/tui/screens/detail.go:167.2,167.23 1 1
github.com/divyo-argha/git-user/internal/tui/screens/detail.go:167.23,168.15 1 1
github.com/divyo-argha/git-user/internal/tui/screens/detail.go:168.15,170.4 1 1
github.com/divyo-argha/git-user/internal/tui/screens/detail.go:170.9,176.4 1 0
github.com/divyo-argha/git-user/internal/tui/screens/detail.go:178.2,179.23 2 1
github.com/divyo-argha/git-user/internal/tui/screens/detail.go:179.23,181.3 1 1
github.com/divyo-argha/git-user/internal/tui/screens/detail.go:182.2,194.19 8 1
github.com/divyo-argha/git-user/internal/tui/screens/detail.go:194.19,196.3 1 0
github.com/divyo-argha/git-user/internal/tui/screens/detail.go:199.33,201.70 2 0
github.com/divyo-argha/git-user/internal/tui/screens/detail.go:201.70,209.3 1 0
github.com/divyo-argha/git-user/internal/tui/screens/detail.go:211.2,214.12 4 0
github.com/divyo-argha/git-user/internal/tui/screens/detail.go:217.33,217.65 1 0
github.com/divyo-argha/git-user/internal/tui/screens/detail.go:219.37,219.65 1 0
github.com/divyo-argha/git-user/internal/tui/screens/detail.go:221.61,223.27 2 1
github.com/divyo-argha/git-user/internal/tui/screens/detail.go:224.24,226.16 2 0
github.com/divyo-argha/git-user/internal/tui/screens/detail.go:227.30,228.41 1 0
github.com/divyo-argha/git-user/internal/tui/screens/detail.go:228.41,231.4 2 0
github.com/divyo-argha/git-user/internal/tui/screens/detail.go:232.25,233.45 1 0
github.com/divyo-argha/git-user/internal/tui/screens/detail.go:233.45,237.4 3 0
github.com/divyo-argha/git-user/internal/tui/screens/detail.go:238.29,239.45 1 0
github.com/divyo-argha/git-user/internal/tui/screens/detail.go:239.45,243.4 3 0
github.com/divyo-argha/git-user/internal/tui/screens/detail.go:244.34,245.32 1 0
github.com/divyo-argha/git-user/internal/tui/screens/detail.go:245.32,247.26 2 0
github.com/divyo-argha/git-user/internal/tui/screens/detail.go:247.26,249.5 1 0
github.com/divyo-argha/git-user/internal/tui/screens/detail.go:250.4,250.22 1 0
github.com/divyo-argha/git-user/internal/tui/screens/detail.go:252.18,253.26 1 1
github.com/divyo-argha/git-user/internal/tui/screens/detail.go:255.2,255.15 1 0
github.com/divyo-argha/git-user/internal/tui/screens/detail.go:259.67,260.70 1 1
github.com/divyo-argha/git-user/internal/tui/screens/detail.go:260.70,261.28 1 1
github.com/divyo-argha/git-user/internal/tui/screens/detail.go:261.28,261.58 1 1
github.com/divyo-argha/git-user/internal/tui/screens/detail.go:263.2,263.22 1 1
github.com/divyo-argha/git-user/internal/tui/screens/detail.go:264.35,265.21 1 0
github.com/divyo-argha/git-user/internal/tui/screens/detail.go:266.16,268.50 2 1
github.com/divyo-argha/git-user/internal/tui/screens/detail.go:268.50,269.29 1 1
github.com/divyo-argha/git-user/internal/tui/screens/detail.go:269.29,271.5 1 1
github.com/divyo-argha/git-user/internal/tui/screens/detail.go:273.29,274.23 1 0
github.com/divyo-argha/git-user/internal/tui/screens/detail.go:275.31,276.25 1 0
github.com/divyo-argha/git-user/internal/tui/screens/detail.go:277.21,278.25 1 1
github.com/divyo-argha/git-user/internal/tui/screens/detail.go:280.2,280.15 1 0
github.com/divyo-argha/git-user/internal/tui/screens/detail.go:283.55,285.17 2 1
github.com/divyo-argha/git-user/internal/tui/screens/detail.go:285.17,287.3 1 0
github.com/divyo-argha/git-user/internal/tui/screens/detail.go:289.2,289.18 1 1
github.com/divyo-argha/git-user/internal/tui/screens/detail.go:290.14,291.28 1 0
github.com/divyo-argha/git-user/internal/tui/screens/detail.go:291.28,291.58 1 0
github.com/divyo-argha/git-user/internal/tui/screens/detail.go:292.66,293.16 1 0
github.com/divyo-argha/git-user/internal/tui/screens/detail.go:294.10,295.28 1 1
github.com/divyo-argha/git-user/internal/tui/screens/detail.go:295.28,297.4 1 1
github.com/divyo-argha/git-user/internal/tui/screens/detail.go:301.49,304.20 3 1
github.com/divyo-argha/git-user/internal/tui/screens/detail.go:304.20,306.3 1 0
github.com/divyo-argha/git-user/internal/tui/screens/detail.go:308.2,309.68 2 1
github.com/divyo-argha/git-user/internal/tui/screens/form.go:32.85,36.27 3 1
github.com/divyo-argha/git-user/internal/tui/screens/form.go:36.27,38.20 2 1
github.com/divyo-argha/git-user/internal/tui/screens/form.go:38.20,40.4 1 0
github.com/divyo-argha/git-user/internal/tui/screens/form.go:41.3,42.35 2 1
github.com/divyo-argha/git-user/internal/tui/screens/form.go:45.2,45.21 1 1
github.com/divyo-argha/git-user/internal/tui/screens/form.go:45.21,47.3 1 1
github.com/divyo-argha/git-user/internal/tui/screens/form.go:49.2,56.3 1 1
github.com/divyo-argha/git-user/internal/tui/screens/form.go:59.31,61.2 1 0
github.com/divyo-argha/git-user/internal/tui/screens/form.go:63.31,63.49 1 0
github.com/divyo-argha/git-user/internal/tui/screens/form.go:65.35,65.52 1 0
github.com/divyo-argha/git-user/internal/tui/screens/form.go:67.59,68.27 1 1
github.com/divyo-argha/git-user/internal/tui/screens/form.go:69.18,70.25 1 1
github.com/divyo-argha/git-user/internal/tui/screens/form.go:70.25,71.29 1 1
github.com/divyo-argha/git-user/internal/tui/screens/form.go:71.29,71.59 1 1
github.com/divyo-argha/git-user/internal/tui/screens/form.go:73.3,73.23 1 1
github.com/divyo-argha/git-user/internal/tui/screens/form.go:74.22,75.22 1 0
github.com/divyo-argha/git-user/internal/tui/screens/form.go:76.22,77.35 1 1
github.com/divyo-argha/git-user/internal/tui/screens/form.go:77.35,80.36 2 1
github.com/divyo-argha/git-user/internal/tui/screens/form.go:80.36,82.6 1 1
github.com/divyo-argha/git-user/internal/tui/screens/form.go:83.5,83.30 1 1
github.com/divyo-argha/git-user/internal/tui/screens/form.go:83.30,85.6 1 1
github.com/divyo-argha/git-user/internal/tui/screens/form.go:88.4,89.29 2 0
github.com/divyo-argha/git-user/internal/tui/screens/form.go:91.32,92.20 1 0
github.com/divyo-argha/git-user/internal/tui/screens/form.go:92.20,95.5 2 0
github.com/divyo-argha/git-user/internal/tui/screens/form.go:96.34,97.34 1 1
github.com/divyo-argha/git-user/internal/tui/screens/form.go:97.34,100.5 2 1
github.com/divyo-argha/git-user/internal/tui/screens/form.go:104.2,104.23 1 0
github.com/divyo-argha/git-user/internal/tui/screens/form.go:104.23,108.3 3 0
github.com/divyo-argha/git-user/internal/tui/screens/form.go:110.2,110.15 1 0
github.com/divyo-argha/git-user/internal/tui/screens/form.go:113.38,115.26 2 1
github.com/divyo-argha/git-user/internal/tui/screens/form.go:115.26,116.20 1 1
github.com/divyo-argha/git-user/internal/tui/screens/form.go:116.20,118.4 1 1
github.com/divyo-argha/git-user/internal/tui/screens/form.go:118.9,120.4 1 1
github.com/divyo-argha/git-user/internal/tui/screens/form.go:122.2,122.27 1 1
github.com/divyo-argha/git-user/internal/tui/screens/form.go:125.47,129.16 3 0
github.com/divyo-argha/git-user/internal/tui/screens/form.go:129.16,131.3 1 0
github.com/divyo-argha/git-user/internal/tui/screens/form.go:132.2,132.19 1 0
github.com/divyo-argha/git-user/internal/tui/screens/form.go:132.19,134.3 1 0
github.com/divyo-argha/git-user/internal/tui/screens/form.go:136.2,137.16 2 0
github.com/divyo-argha/git-user/internal/tui/screens/form.go:137.16,139.3 1 0
github.com/divyo-argha/git-user/internal/tui/screens/form.go:140.2,140.30 1 0
github.com/divyo-argha/git-user/internal/tui/screens/form.go:140.30,142.3 1 0
github.com/divyo-argha/git-user/internal/tui/screens/form.go:144.2,147.26 3 0
github.com/divyo-argha/git-user/internal/tui/screens/form.go:147.26,149.20 2 0
github.com/divyo-argha/git-user/internal/tui/screens/form.go:149.20,151.4 1 0
github.com/divyo-argha/git-user/internal/tui/screens/form.go:151.9,153.4 1 0
github.com/divyo-argha/git-user/internal/tui/screens/form.go:154.3,156.28 3 0
github.com/divyo-argha/git-user/internal/tui/screens/form.go:159.2,166.17 6 0
github.com/divyo-argha/git-user/internal/tui/screens/form.go:166.17,168.3 1 0
github.com/divyo-argha/git-user/internal/tui/screens/form.go:169.2,170.48 2 0
github.com/divyo-argha/git-user/internal/tui/screens/form.go:170.48,174.3 3 0
github.com/divyo-argha/git-user/internal/tui/screens/form.go:176.2,176.20 1 0
github.com/divyo-argha/git-user/internal/tui/screens/import_export.go:56.73,62.2 1 1
github.com/divyo-argha/git-user/internal/tui/screens/import_export.go:64.39,64.53 1 1
github.com/divyo-argha/git-user/internal/tui/screens/import_export.go:66.39,66.67 1 1
github.com/divyo-argha/git-user/internal/tui/screens/import_export.go:68.43,68.77 1 1
github.com/divyo-argha/git-user/internal/tui/screens/import_export.go:70.67,71.27 1 1
github.com/divyo-argha/git-user/internal/tui/screens/import_export.go:72.18,73.71 1 1
github.com/divyo-argha/git-user/internal/tui/screens/import_export.go:73.71,74.29 1 1
github.com/divyo-argha/git-user/internal/tui/screens/import_export.go:74.29,74.59 1 1
github.com/divyo-argha/git-user/internal/tui/screens/import_export.go:76.3,76.23 1 1
github.com/divyo-argha/git-user/internal/tui/screens/import_export.go:77.22,78.22 1 1
github.com/divyo-argha/git-user/internal/tui/screens/import_export.go:80.30,81.20 1 1
github.com/divyo-argha/git-user/internal/tui/screens/import_export.go:81.20,83.5 1 1
github.com/divyo-argha/git-user/internal/tui/screens/import_export.go:85.32,86.45 1 1
github.com/divyo-argha/git-user/internal/tui/screens/import_export.go:86.45,88.5 1 1
github.com/divyo-argha/git-user/internal/tui/screens/import_export.go:90.22,92.25 2 1
github.com/divyo-argha/git-user/internal/tui/screens/import_export.go:92.25,93.30 1 1
github.com/divyo-argha/git-user/internal/tui/screens/import_export.go:93.30,93.60 1 1
github.com/divyo-argha/git-user/internal/tui/screens/import_export.go:95.4,95.29 1 1
github.com/divyo-argha/git-user/internal/tui/screens/import_export.go:95.29,97.5 1 1
github.com/divyo-argha/git-user/internal/tui/screens/import_export.go:100.2,100.15 1 1
github.com/divyo-argha/git-user/internal/tui/screens/import_export.go:103.55,119.42 10 1
github.com/divyo-argha/git-user/internal/tui/screens/import_export.go:119.42,123.15 3 1
github.com/divyo-argha/git-user/internal/tui/screens/import_export.go:123.15,125.4 1 1
github.com/divyo-argha/git-user/internal/tui/screens/import_export.go:125.9,127.4 1 1
github.com/divyo-argha/git-user/internal/tui/screens/import_export.go:129.3,130.15 2 1
github.com/divyo-argha/git-user/internal/tui/screens/import_export.go:130.15,132.4 1 1
github.com/divyo-argha/git-user/internal/tui/screens/import_export.go:133.3,138.25 5 1
github.com/divyo-argha/git-user/internal/tui/screens/import_export.go:141.2,141.20 1 1
github.com/divyo-argha/git-user/internal/tui/screens/options.go:29.86,37.2 1 1
github.com/divyo-argha/git-user/internal/tui/screens/options.go:39.34,39.48 1 0
github.com/divyo-argha/git-user/internal/tui/screens/options.go:41.34,41.52 1 0
github.com/divyo-argha/git-user/internal/tui/screens/options.go:43.38,43.55 1 0
github.com/divyo-argha/git-user/internal/tui/screens/options.go:45.62,46.27 1 1
github.com/divyo-argha/git-user/internal/tui/screens/options.go:47.18,48.25 1 1
github.com/divyo-argha/git-user/internal/tui/screens/options.go:48.25,49.29 1 1
github.com/divyo-argha/git-user/internal/tui/screens/options.go:49.29,51.5 1 1
github.com/divyo-argha/git-user/internal/tui/screens/options.go:53.3,53.23 1 1
github.com/divyo-argha/git-user/internal/tui/screens/options.go:54.22,55.22 1 0
github.com/divyo-argha/git-user/internal/tui/screens/options.go:56.30,57.20 1 0
github.com/divyo-argha/git-user/internal/tui/screens/options.go:57.20,59.5 1 0
github.com/divyo-argha/git-user/internal/tui/screens/options.go:60.32,61.35 1 1
github.com/divyo-argha/git-user/internal/tui/screens/options.go:61.35,63.5 1 1
github.com/divyo-argha/git-user/internal/tui/screens/options.go:64.22,66.29 2 1
github.com/divyo-argha/git-user/internal/tui/screens/options.go:66.29,68.5 1 1
github.com/divyo-argha/git-user/internal/tui/screens/options.go:71.2,71.15 1 1
github.com/divyo-argha/git-user/internal/tui/screens/options.go:74.50,78.16 3 1
github.com/divyo-argha/git-user/internal/tui/screens/options.go:78.16,80.3 1 0
github.com/divyo-argha/git-user/internal/tui/screens/options.go:81.2,81.19 1 1
github.com/divyo-argha/git-user/internal/tui/screens/options.go:81.19,83.3 1 0
github.com/divyo-argha/git-user/internal/tui/screens/options.go:85.2,86.16 2 1
github.com/divyo-argha/git-user/internal/tui/screens/options.go:86.16,88.3 1 0
github.com/divyo-argha/git-user/internal/tui/screens/options.go:89.2,89.30 1 1
github.com/divyo-argha/git-user/internal/tui/screens/options.go:89.30,91.3 1 1
github.com/divyo-argha/git-user/internal/tui/screens/options.go:93.2,97.32 5 1
github.com/divyo-argha/git-user/internal/tui/screens/options.go:97.32,99.20 2 1
github.com/divyo-argha/git-user/internal/tui/screens/options.go:99.20,101.4 1 1
github.com/divyo-argha/git-user/internal/tui/screens/options.go:101.9,103.4 1 1
github.com/divyo-argha/git-user/internal/tui/screens/options.go:104.3,104.36 1 1
github.com/divyo-argha/git-user/internal/tui/screens/options.go:106.2,114.17 7 1
github.com/divyo-argha/git-user/internal/tui/screens/options.go:114.17,116.3 1 0
github.com/divyo-argha/git-user/internal/tui/screens/options.go:117.2,118.48 2 1
github.com/divyo-argha/git-user/internal/tui/screens/options.go:118.48,122.3 3 1
github.com/divyo-argha/git-user/internal/tui/screens/options.go:124.2,124.20 1 1
github.com/divyo-argha/git-user/internal/tui/screens/passphrase_menu.go:30.90,38.2 3 1
github.com/divyo-argha/git-user/internal/tui/screens/passphrase_menu.go:40.44,42.17 2 1
github.com/divyo-argha/git-user/internal/tui/screens/passphrase_menu.go:42.17,44.3 1 0
github.com/divyo-argha/git-user/internal/tui/screens/passphrase_menu.go:46.2,47.56 2 1
github.com/divyo-argha/git-user/internal/tui/screens/passphrase_menu.go:47.56,49.3 1 1
github.com/divyo-argha/git-user/internal/tui/screens/passphrase_menu.go:51.2,55.14 4 1
github.com/divyo-argha/git-user/internal/tui/screens/passphrase_menu.go:56.15,57.49 1 1
github.com/divyo-argha/git-user/internal/tui/screens/passphrase_menu.go:58.19,59.36 1 0
github.com/divyo-argha/git-user/internal/tui/screens/passphrase_menu.go:62.2,76.19 12 1
github.com/divyo-argha/git-user/internal/tui/screens/passphrase_menu.go:76.19,78.3 1 1
github.com/divyo-argha/git-user/internal/tui/screens/passphrase_menu.go:81.42,83.38 2 0
github.com/divyo-argha/git-user/internal/tui/screens/passphrase_menu.go:83.38,88.3 1 0
github.com/divyo-argha/git-user/internal/tui/screens/passphrase_menu.go:89.2,89.12 1 0
github.com/divyo-argha/git-user/internal/tui/screens/passphrase_menu.go:92.42,92.85 1 1
github.com/divyo-argha/git-user/internal/tui/screens/passphrase_menu.go:94.46,94.115 1 0
github.com/divyo-argha/git-user/internal/tui/screens/passphrase_menu.go:96.70,98.27 2 1
github.com/divyo-argha/git-user/internal/tui/screens/passphrase_menu.go:99.29,100.45 1 0
github.com/divyo-argha/git-user/internal/tui/screens/passphrase_menu.go:100.45,104.4 3 0
github.com/divyo-argha/git-user/internal/tui/screens/passphrase_menu.go:105.25,106.45 1 0
github.com/divyo-argha/git-user/internal/tui/screens/passphrase_menu.go:106.45,110.4 3 0
github.com/divyo-argha/git-user/internal/tui/screens/passphrase_menu.go:111.18,112.27 1 1
github.com/divyo-argha/git-user/internal/tui/screens/passphrase_menu.go:114.2,114.16 1 0
github.com/divyo-argha/git-user/internal/tui/screens/passphrase_menu.go:117.76,118.70 1 1
github.com/divyo-argha/git-user/internal/tui/screens/passphrase_menu.go:118.70,119.29 1 1
github.com/divyo-argha/git-user/internal/tui/screens/passphrase_menu.go:119.29,119.59 1 1
github.com/divyo-argha/git-user/internal/tui/screens/passphrase_menu.go:121.2,121.22 1 1
github.com/divyo-argha/git-user/internal/tui/screens/passphrase_menu.go:122.35,123.22 1 0
github.com/divyo-argha/git-user/internal/tui/screens/passphrase_menu.go:124.29,125.24 1 0
github.com/divyo-argha/git-user/internal/tui/screens/passphrase_menu.go:126.31,127.26 1 0
github.com/divyo-argha/git-user/internal/tui/screens/passphrase_menu.go:128.21,129.26 1 1
github.com/divyo-argha/git-user/internal/tui/screens/passphrase_menu.go:131.2,131.16 1 0
github.com/divyo-argha/git-user/internal/tui/screens/passphrase_menu.go:134.64,136.34 2 1
github.com/divyo-argha/git-user/internal/tui/screens/passphrase_menu.go:136.34,138.3 1 0
github.com/divyo-argha/git-user/internal/tui/screens/passphrase_menu.go:140.2,140.18 1 1
github.com/divyo-argha/git-user/internal/tui/screens/passphrase_menu.go:141.14,142.29 1 0
github.com/divyo-argha/git-user/internal/tui/screens/passphrase_menu.go:142.29,142.59 1 0
github.com/divyo-argha/git-user/internal/tui/screens/passphrase_menu.go:144.25,146.18 2 1
github.com/divyo-argha/git-user/internal/tui/screens/passphrase_menu.go:146.18,148.4 1 0
github.com/divyo-argha/git-user/internal/tui/screens/passphrase_menu.go:149.3,152.15 4 1
github.com/divyo-argha/git-user/internal/tui/screens/passphrase_menu.go:153.21,155.49 2 1
github.com/divyo-argha/git-user/internal/tui/screens/passphrase_menu.go:156.16,158.36 2 0
github.com/divyo-argha/git-user/internal/tui/screens/passphrase_menu.go:159.20,161.41 2 0
github.com/divyo-argha/git-user/internal/tui/screens/passphrase_menu.go:163.3,165.45 3 1
github.com/divyo-argha/git-user/internal/tui/screens/passphrase_menu.go:165.45,167.4 1 1
github.com/divyo-argha/git-user/internal/tui/screens/passphrase_menu.go:168.3,168.47 1 1
github.com/divyo-argha/git-user/internal/tui/screens/passphrase_menu.go:168.47,171.4 2 0
github.com/divyo-argha/git-user/internal/tui/screens/passphrase_menu.go:172.3,173.101 2 1
github.com/divyo-argha/git-user/internal/tui/screens/passphrase_menu.go:175.18,177.39 2 0
github.com/divyo-argha/git-user/internal/tui/screens/passphrase_menu.go:177.39,183.4 5 0
github.com/divyo-argha/git-user/internal/tui/screens/passphrase_menu.go:185.45,186.29 1 1
github.com/divyo-argha/git-user/internal/tui/screens/passphrase_menu.go:186.29,188.4 1 1
github.com/divyo-argha/git-user/internal/tui/screens/passphrase_menu.go:190.27,191.34 1 1
github.com/divyo-argha/git-user/internal/tui/screens/passphrase_menu.go:191.34,193.4 1 1
github.com/divyo-argha/git-user/internal/tui/screens/passphrase_menu.go:194.3,194.29 1 1
github.com/divyo-argha/git-user/internal/tui/screens/passphrase_menu.go:194.29,196.4 1 1
github.com/divyo-argha/git-user/internal/tui/screens/passphrase_menu.go:198.2,198.16 1 0
github.com/divyo-argha/git-user/internal/tui/screens/passphrase_menu.go:201.58,205.16 3 1
github.com/divyo-argha/git-user/internal/tui/screens/passphrase_menu.go:205.16,207.3 1 0
github.com/divyo-argha/git-user/internal/tui/screens/passphrase_menu.go:208.2,208.19 1 1
github.com/divyo-argha/git-user/internal/tui/screens/passphrase_menu.go:208.19,210.3 1 0
github.com/divyo-argha/git-user/internal/tui/screens/passphrase_menu.go:212.2,213.16 2 1
github.com/divyo-argha/git-user/internal/tui/screens/passphrase_menu.go:213.16,215.3 1 0
github.com/divyo-argha/git-user/internal/tui/screens/passphrase_menu.go:216.2,216.30 1 1
github.com/divyo-argha/git-user/internal/tui/screens/passphrase_menu.go:216.30,218.3 1 1
github.com/divyo-argha/git-user/internal/tui/screens/passphrase_menu.go:220.2,226.17 6 1
github.com/divyo-argha/git-user/internal/tui/screens/passphrase_menu.go:226.17,228.36 2 1
github.com/divyo-argha/git-user/internal/tui/screens/passphrase_menu.go:228.36,230.4 1 1
github.com/divyo-argha/git-user/internal/tui/screens/passphrase_menu.go:231.3,232.24 2 1
github.com/divyo-argha/git-user/internal/tui/screens/passphrase_menu.go:232.24,234.4 1 1
github.com/divyo-argha/git-user/internal/tui/screens/passphrase_menu.go:237.2,238.26 2 1
github.com/divyo-argha/git-user/internal/tui/screens/passphrase_menu.go:238.26,239.29 1 0
github.com/divyo-argha/git-user/internal/tui/screens/passphrase_menu.go:239.29,241.4 1 0
github.com/divyo-argha/git-user/internal/tui/screens/passphrase_menu.go:241.9,243.4 1 0
github.com/divyo-argha/git-user/internal/tui/screens/passphrase_menu.go:245.2,247.33 2 1
github.com/divyo-argha/git-user/internal/tui/screens/passphrase_menu.go:247.33,249.3 1 0
github.com/divyo-argha/git-user/internal/tui/screens/passphrase_menu.go:251.2,256.29 5 1
github.com/divyo-argha/git-user/internal/tui/screens/passphrase_menu.go:256.29,257.41 1 1
github.com/divyo-argha/git-user/internal/tui/screens/passphrase_menu.go:257.41,258.12 1 1
github.com/divyo-argha/git-user/internal/tui/screens/passphrase_menu.go:260.3,261.18 2 1
github.com/divyo-argha/git-user/internal/tui/screens/passphrase_menu.go:261.18,263.4 1 1
github.com/divyo-argha/git-user/internal/tui/screens/passphrase_menu.go:263.9,263.27 1 1
github.com/divyo-argha/git-user/internal/tui/screens/passphrase_menu.go:263.27,265.4 1 1
github.com/divyo-argha/git-user/internal/tui/screens/passphrase_menu.go:265.9,267.4 1 1
github.com/divyo-argha/git-user/internal/tui/screens/passphrase_menu.go:268.3,268.36 1 1
github.com/divyo-argha/git-user/internal/tui/screens/passphrase_menu.go:271.2,279.17 7 1
github.com/divyo-argha/git-user/internal/tui/screens/passphrase_menu.go:279.17,281.3 1 0
github.com/divyo-argha/git-user/internal/tui/screens/passphrase_menu.go:282.2,283.48 2 1
github.com/divyo-argha/git-user/internal/tui/screens/passphrase_menu.go:283.48,287.3 3 1
github.com/divyo-argha/git-user/internal/tui/screens/passphrase_menu.go:289.2,289.20 1 1
github.com/divyo-argha/git-user/internal/tui/screens/report.go:21.67,28.2 2 1
github.com/divyo-argha/git-user/internal/tui/screens/report.go:30.33,30.47 1 0
github.com/divyo-argha/git-user/internal/tui/screens/report.go:32.33,32.51 1 0
github.com/divyo-argha/git-user/internal/tui/screens/report.go:34.37,36.2 1 0
github.com/divyo-argha/git-user/internal/tui/screens/report.go:38.61,39.27 1 1
github.com/divyo-argha/git-user/internal/tui/screens/report.go:40.18,41.71 1 1
github.com/divyo-argha/git-user/internal/tui/screens/report.go:41.71,42.29 1 1
github.com/divyo-argha/git-user/internal/tui/screens/report.go:42.29,42.59 1 1
github.com/divyo-argha/git-user/internal/tui/screens/report.go:44.3,44.23 1 1
github.com/divyo-argha/git-user/internal/tui/screens/report.go:45.36,46.22 1 0
github.com/divyo-argha/git-user/internal/tui/screens/report.go:47.30,48.20 1 1
github.com/divyo-argha/git-user/internal/tui/screens/report.go:48.20,50.5 1 1
github.com/divyo-argha/git-user/internal/tui/screens/report.go:51.32,52.14 1 1
github.com/divyo-argha/git-user/internal/tui/screens/report.go:55.2,55.15 1 1
github.com/divyo-argha/git-user/internal/tui/screens/report.go:58.49,69.18 8 1
github.com/divyo-argha/git-user/internal/tui/screens/report.go:69.18,71.3 1 0
github.com/divyo-argha/git-user/internal/tui/screens/report.go:73.2,74.26 2 1
github.com/divyo-argha/git-user/internal/tui/screens/report.go:74.26,76.3 1 0
github.com/divyo-argha/git-user/internal/tui/screens/report.go:77.2,78.24 2 1
github.com/divyo-argha/git-user/internal/tui/screens/report.go:78.24,80.3 1 1
github.com/divyo-argha/git-user/internal/tui/screens/report.go:82.2,82.31 1 1
github.com/divyo-argha/git-user/internal/tui/screens/report.go:82.31,84.17 2 1
github.com/divyo-argha/git-user/internal/tui/screens/report.go:84.17,86.12 2 0
github.com/divyo-argha/git-user/internal/tui/screens/report.go:88.3,90.23 3 1
github.com/divyo-argha/git-user/internal/tui/screens/report.go:93.2,94.29 2 1
github.com/divyo-argha/git-user/internal/tui/screens/report.go:94.29,96.3 1 0
github.com/divyo-argha/git-user/internal/tui/screens/report.go:97.2,102.20 5 1
github.com/divyo-argha/git-user/cmd/git-user/main.go:17.13,18.22 1 0
github.com/divyo-argha/git-user/cmd/git-user/main.go:18.22,19.21 1 0
github.com/divyo-argha/git-user/cmd/git-user/main.go:20.37,22.14 2 0
github.com/divyo-argha/git-user/cmd/git-user/main.go:23.29,24.42 1 0
github.com/divyo-argha/git-user/cmd/git-user/main.go:24.42,26.5 1 0
github.com/divyo-argha/git-user/cmd/git-user/main.go:27.4,27.14 1 0
github.com/divyo-argha/git-user/cmd/git-user/main.go:32.2,34.38 2 0
github.com/divyo-argha/git-user/cmd/git-user/main.go:34.38,36.3 1 0
github.com/divyo-argha/git-user/cmd/git-user/main.go:39.21,41.27 2 1
github.com/divyo-argha/git-user/cmd/git-user/main.go:41.27,43.3 1 1
github.com/divyo-argha/git-user/cmd/git-user/main.go:44.2,44.32 1 1
github.com/divyo-argha/git-user/cmd/git-user/main.go:47.26,49.22 1 1
github.com/divyo-argha/git-user/cmd/git-user/main.go:49.22,53.37 3 1
github.com/divyo-argha/git-user/cmd/git-user/main.go:53.37,54.22 1 1
github.com/divyo-argha/git-user/cmd/git-user/main.go:54.22,56.5 1 1
github.com/divyo-argha/git-user/cmd/git-user/main.go:61.2,62.16 2 0
github.com/divyo-argha/git-user/cmd/git-user/main.go:62.16,64.3 1 0
github.com/divyo-argha/git-user/cmd/git-user/main.go:66.2,70.37 4 0
github.com/divyo-argha/git-user/cmd/git-user/main.go:70.37,72.3 1 0
github.com/divyo-argha/git-user/cmd/git-user/main.go:75.2,77.33 3 0
github.com/divyo-argha/git-user/cmd/git-user/main.go:77.33,79.3 1 0
github.com/divyo-argha/git-user/cmd/git-user/main.go:80.2,82.59 2 0
github.com/divyo-argha/git-user/cmd/git-user/main.go:82.59,83.64 1 0
github.com/divyo-argha/git-user/cmd/git-user/main.go:83.64,85.4 1 0
github.com/divyo-argha/git-user/cmd/git-user/main.go:85.9,87.4 1 0
github.com/divyo-argha/git-user/cmd/git-user/main.go:88.3,88.16 1 0
github.com/divyo-argha/git-user/cmd/git-user/main.go:89.8,92.3 2 0
github.com/divyo-argha/git-user/internal/ssh/agent.go:17.29,18.38 1 1
github.com/divyo-argha/git-user/internal/ssh/agent.go:18.38,20.3 1 1
github.com/divyo-argha/git-user/internal/ssh/agent.go:23.2,23.31 1 1
github.com/divyo-argha/git-user/internal/ssh/agent.go:23.31,25.3 1 0
github.com/divyo-argha/git-user/internal/ssh/agent.go:26.2,30.44 5 1
github.com/divyo-argha/git-user/internal/ssh/agent.go:33.54,35.18 2 1
github.com/divyo-argha/git-user/internal/ssh/agent.go:35.18,37.3 1 1
github.com/divyo-argha/git-user/internal/ssh/agent.go:38.2,39.16 2 1
github.com/divyo-argha/git-user/internal/ssh/agent.go:39.16,41.3 1 1
github.com/divyo-argha/git-user/internal/ssh/agent.go:42.2,42.41 1 1
github.com/divyo-argha/git-user/internal/ssh/agent.go:45.42,47.16 2 1
github.com/divyo-argha/git-user/internal/ssh/agent.go:47.16,49.3 1 0
github.com/divyo-argha/git-user/internal/ssh/agent.go:51.2,52.16 2 1
github.com/divyo-argha/git-user/internal/ssh/agent.go:52.16,54.3 1 0
github.com/divyo-argha/git-user/internal/ssh/agent.go:56.2,56.37 1 1
github.com/divyo-argha/git-user/internal/ssh/agent.go:56.37,57.28 1 1
github.com/divyo-argha/git-user/internal/ssh/agent.go:57.28,59.4 1 1
github.com/divyo-argha/git-user/internal/ssh/agent.go:61.2,61.14 1 1
github.com/divyo-argha/git-user/internal/ssh/agent.go:64.56,67.16 3 1
github.com/divyo-argha/git-user/internal/ssh/agent.go:67.16,68.56 1 1
github.com/divyo-argha/git-user/internal/ssh/agent.go:68.56,70.4 1 1
github.com/divyo-argha/git-user/internal/ssh/agent.go:71.3,72.20 2 0
github.com/divyo-argha/git-user/internal/ssh/agent.go:72.20,74.4 1 0
github.com/divyo-argha/git-user/internal/ssh/agent.go:75.3,75.48 1 0
github.com/divyo-argha/git-user/internal/ssh/agent.go:78.2,79.16 2 1
github.com/divyo-argha/git-user/internal/ssh/agent.go:79.16,81.20 2 1
github.com/divyo-argha/git-user/internal/ssh/agent.go:81.20,83.4 1 1
github.com/divyo-argha/git-user/internal/ssh/agent.go:84.3,84.48 1 0
github.com/divyo-argha/git-user/internal/ssh/agent.go:87.2,87.43 1 1
github.com/divyo-argha/git-user/internal/ssh/agent.go:90.51,92.16 2 1
github.com/divyo-argha/git-user/internal/ssh/agent.go:92.16,95.21 3 1
github.com/divyo-argha/git-user/internal/ssh/agent.go:95.21,97.29 2 1
github.com/divyo-argha/git-user/internal/ssh/agent.go:97.29,99.5 1 1
github.com/divyo-argha/git-user/internal/ssh/agent.go:100.4,100.28 1 1
github.com/divyo-argha/git-user/internal/ssh/agent.go:104.2,105.19 2 0
github.com/divyo-argha/git-user/internal/ssh/agent.go:105.19,107.85 2 0
github.com/divyo-argha/git-user/internal/ssh/agent.go:107.85,109.4 1 0
github.com/divyo-argha/git-user/internal/ssh/agent.go:110.3,110.21 1 0
github.com/divyo-argha/git-user/internal/ssh/agent.go:113.2,115.29 3 0
github.com/divyo-argha/git-user/internal/ssh/agent.go:115.29,117.22 2 0
github.com/divyo-argha/git-user/internal/ssh/agent.go:117.22,119.4 1 0
github.com/divyo-argha/git-user/internal/ssh/agent.go:121.2,121.26 1 0
github.com/divyo-argha/git-user/internal/ssh/agent.go:124.58,126.21 2 1
github.com/divyo-argha/git-user/internal/ssh/agent.go:126.21,128.3 1 1
github.com/divyo-argha/git-user/internal/ssh/agent.go:129.2,129.23 1 1
github.com/divyo-argha/git-user/internal/ssh/agent.go:134.64,135.30 1 1
github.com/divyo-argha/git-user/internal/ssh/agent.go:135.30,137.3 1 1
github.com/divyo-argha/git-user/internal/ssh/agent.go:139.2,140.16 2 1
github.com/divyo-argha/git-user/internal/ssh/agent.go:140.16,143.23 3 1
github.com/divyo-argha/git-user/internal/ssh/agent.go:143.23,145.4 1 1
github.com/divyo-argha/git-user/internal/ssh/agent.go:145.9,147.4 1 0
github.com/divyo-argha/git-user/internal/ssh/agent.go:149.3,149.22 1 1
github.com/divyo-argha/git-user/internal/ssh/agent.go:149.22,151.22 2 1
github.com/divyo-argha/git-user/internal/ssh/agent.go:151.22,157.22 3 1
github.com/divyo-argha/git-user/internal/ssh/agent.go:157.22,158.34 1 1
github.com/divyo-argha/git-user/internal/ssh/agent.go:158.34,160.7 1 1
github.com/divyo-argha/git-user/internal/ssh/agent.go:161.6,161.16 1 1
github.com/divyo-argha/git-user/internal/ssh/agent.go:167.2,168.16 2 0
github.com/divyo-argha/git-user/internal/ssh/agent.go:168.16,170.3 1 0
github.com/divyo-argha/git-user/internal/ssh/agent.go:173.2,174.30 2 0
github.com/divyo-argha/git-user/internal/ssh/agent.go:174.30,176.3 1 0
github.com/divyo-argha/git-user/internal/ssh/agent.go:178.2,187.24 8 0
github.com/divyo-argha/git-user/internal/ssh/agent.go:187.24,188.39 1 0
github.com/divyo-argha/git-user/internal/ssh/agent.go:188.39,190.9 2 0
github.com/divyo-argha/git-user/internal/ssh/agent.go:193.2,193.17 1 0
github.com/divyo-argha/git-user/internal/ssh/agent.go:193.17,195.3 1 0
github.com/divyo-argha/git-user/internal/ssh/agent.go:197.2,198.50 2 0
github.com/divyo-argha/git-user/internal/ssh/agent.go:198.50,204.25 5 0
github.com/divyo-argha/git-user/internal/ssh/agent.go:204.25,206.4 1 0
github.com/divyo-argha/git-user/internal/ssh/agent.go:208.2,208.30 1 0
github.com/divyo-argha/git-user/internal/ssh/agent.go:208.30,210.3 1 0
github.com/divyo-argha/git-user/internal/ssh/agent.go:211.2,211.12 1 0
github.com/divyo-argha/git-user/internal/ssh/agent.go:214.44,215.30 1 1
github.com/divyo-argha/git-user/internal/ssh/agent.go:215.30,217.3 1 0
github.com/divyo-argha/git-user/internal/ssh/agent.go:218.2,219.16 2 1
github.com/divyo-argha/git-user/internal/ssh/agent.go:219.16,221.3 1 0
github.com/divyo-argha/git-user/internal/ssh/agent.go:222.2,227.54 5 1
github.com/divyo-argha/git-user/internal/ssh/agent.go:227.54,229.3 1 1
github.com/divyo-argha/git-user/internal/ssh/agent.go:231.2,231.89 1 1
github.com/divyo-argha/git-user/internal/ssh/agent.go:231.89,233.3 1 1
github.com/divyo-argha/git-user/internal/ssh/agent.go:235.2,237.59 3 1
github.com/divyo-argha/git-user/internal/ssh/agent.go:240.62,241.30 1 1
github.com/divyo-argha/git-user/internal/ssh/agent.go:241.30,243.3 1 0
github.com/divyo-argha/git-user/internal/ssh/agent.go:244.2,244.62 1 1
github.com/divyo-argha/git-user/internal/ssh/agent.go:244.62,246.23 2 1
github.com/divyo-argha/git-user/internal/ssh/agent.go:246.23,248.18 2 1
github.com/divyo-argha/git-user/internal/ssh/agent.go:248.18,255.27 7 1
github.com/divyo-argha/git-user/internal/ssh/agent.go:255.27,256.42 1 1
github.com/divyo-argha/git-user/internal/ssh/agent.go:256.42,258.12 2 0
github.com/divyo-argha/git-user/internal/ssh/agent.go:261.5,261.20 1 1
github.com/divyo-argha/git-user/internal/ssh/agent.go:261.20,263.6 1 1
github.com/divyo-argha/git-user/internal/ssh/agent.go:264.5,264.18 1 1
github.com/divyo-argha/git-user/internal/ssh/agent.go:267.3,267.49 1 1
github.com/divyo-argha/git-user/internal/ssh/agent.go:267.49,269.4 1 0
github.com/divyo-argha/git-user/internal/ssh/agent.go:271.2,271.12 1 1
github.com/divyo-argha/git-user/internal/ssh/agent.go:274.41,277.16 3 1
github.com/divyo-argha/git-user/internal/ssh/agent.go:277.16,279.22 2 1
github.com/divyo-argha/git-user/internal/ssh/agent.go:279.22,281.22 2 1
github.com/divyo-argha/git-user/internal/ssh/agent.go:281.22,284.25 3 1
github.com/divyo-argha/git-user/internal/ssh/agent.go:284.25,286.6 1 1
github.com/divyo-argha/git-user/internal/ssh/agent.go:291.2,291.47 1 0
github.com/divyo-argha/git-user/internal/ssh/agent.go:291.47,293.3 1 0
github.com/divyo-argha/git-user/internal/ssh/agent.go:294.2,295.18 2 0
github.com/divyo-argha/git-user/internal/ssh/agent.go:298.56,300.16 2 1
github.com/divyo-argha/git-user/internal/ssh/agent.go:300.16,302.3 1 1
github.com/divyo-argha/git-user/internal/ssh/agent.go:303.2,304.22 2 1
github.com/divyo-argha/git-user/internal/ssh/agent.go:304.22,306.3 1 1
github.com/divyo-argha/git-user/internal/ssh/agent.go:306.8,308.3 1 1
github.com/divyo-argha/git-user/internal/ssh/agent.go:309.2,309.24 1 1
github.com/divyo-argha/git-user/internal/tui/app.go:44.31,45.65 1 1
github.com/divyo-argha/git-user/internal/tui/app.go:45.65,47.3 1 0
github.com/divyo-argha/git-user/internal/tui/app.go:51.66,61.2 2 1
github.com/divyo-argha/git-user/internal/tui/app.go:63.42,64.29 1 1
github.com/divyo-argha/git-user/internal/tui/app.go:64.29,66.3 1 0
github.com/divyo-argha/git-user/internal/tui/app.go:67.2,67.44 1 1
github.com/divyo-argha/git-user/internal/tui/app.go:70.49,74.2 3 1
github.com/divyo-argha/git-user/internal/tui/app.go:76.27,77.28 1 1
github.com/divyo-argha/git-user/internal/tui/app.go:77.28,79.38 2 1
github.com/divyo-argha/git-user/internal/tui/app.go:79.38,81.4 1 1
github.com/divyo-argha/git-user/internal/tui/app.go:85.37,86.24 1 1
github.com/divyo-argha/git-user/internal/tui/app.go:86.24,86.64 1 1
github.com/divyo-argha/git-user/internal/tui/app.go:90.82,91.24 1 1
github.com/divyo-argha/git-user/internal/tui/app.go:91.24,101.3 2 0
github.com/divyo-argha/git-user/internal/tui/app.go:106.30,111.37 2 1
github.com/divyo-argha/git-user/internal/tui/app.go:111.37,114.3 2 1
github.com/divyo-argha/git-user/internal/tui/app.go:115.2,115.27 1 1
github.com/divyo-argha/git-user/internal/tui/app.go:118.56,119.27 1 1
github.com/divyo-argha/git-user/internal/tui/app.go:120.24,122.38 2 1
github.com/divyo-argha/git-user/internal/tui/app.go:122.38,126.4 3 1
github.com/divyo-argha/git-user/internal/tui/app.go:127.3,127.29 1 0
github.com/divyo-argha/git-user/internal/tui/app.go:129.25,132.16 3 1
github.com/divyo-argha/git-user/internal/tui/app.go:134.27,136.16 2 1
github.com/divyo-argha/git-user/internal/tui/app.go:138.30,139.41 1 1
github.com/divyo-argha/git-user/internal/tui/app.go:139.41,142.4 2 1
github.com/divyo-argha/git-user/internal/tui/app.go:143.3,143.38 1 1
github.com/divyo-argha/git-user/internal/tui/app.go:143.38,147.4 3 1
github.com/divyo-argha/git-user/internal/tui/app.go:148.3,148.16 1 0
github.com/divyo-argha/git-user/internal/tui/app.go:150.21,152.45 2 1
github.com/divyo-argha/git-user/internal/tui/app.go:154.28,156.16 2 1
github.com/divyo-argha/git-user/internal/tui/app.go:158.26,160.16 2 1
github.com/divyo-argha/git-user/internal/tui/app.go:162.25,164.35 2 1
github.com/divyo-argha/git-user/internal/tui/app.go:166.29,168.36 2 1
github.com/divyo-argha/git-user/internal/tui/app.go:170.26,172.33 2 1
github.com/divyo-argha/git-user/internal/tui/app.go:174.28,176.35 2 0
github.com/divyo-argha/git-user/internal/tui/app.go:178.26,179.33 1 0
github.com/divyo-argha/git-user/internal/tui/app.go:181.28,182.29 1 1
github.com/divyo-argha/git-user/internal/tui/app.go:184.18,185.38 1 1
github.com/divyo-argha/git-user/internal/tui/app.go:185.38,189.4 3 1
github.com/divyo-argha/git-user/internal/tui/app.go:190.3,190.16 1 0
github.com/divyo-argha/git-user/internal/tui/app.go:192.10,193.38 1 0
github.com/divyo-argha/git-user/internal/tui/app.go:193.38,197.4 3 0
github.com/divyo-argha/git-user/internal/tui/app.go:200.2,200.15 1 0
github.com/divyo-argha/git-user/internal/tui/app.go:203.29,204.35 1 1
github.com/divyo-argha/git-user/internal/tui/app.go:204.35,206.3 1 1
github.com/divyo-argha/git-user/internal/tui/app.go:208.2,217.37 7 1
github.com/divyo-argha/git-user/internal/tui/app.go:217.37,219.3 1 1
github.com/divyo-argha/git-user/internal/tui/app.go:220.2,222.25 2 1
github.com/divyo-argha/git-user/internal/tui/app.go:222.25,224.3 1 0
github.com/divyo-argha/git-user/internal/tui/app.go:226.2,231.20 4 1
github.com/divyo-argha/git-user/internal/tui/app.go:236.75,237.18 1 1
github.com/divyo-argha/git-user/internal/tui/app.go:238.14,240.21 2 1
github.com/divyo-argha/git-user/internal/tui/app.go:242.35,245.34 3 1
github.com/divyo-argha/git-user/internal/tui/app.go:245.34,248.4 2 1
github.com/divyo-argha/git-user/internal/tui/app.go:249.3,252.15 1 1
github.com/divyo-argha/git-user/internal/tui/app.go:254.16,255.50 1 1
github.com/divyo-argha/git-user/internal/tui/app.go:255.50,259.4 1 0
github.com/divyo-argha/git-user/internal/tui/app.go:260.3,260.71 1 1
github.com/divyo-argha/git-user/internal/tui/app.go:260.71,262.4 1 0
github.com/divyo-argha/git-user/internal/tui/app.go:264.16,267.15 1 1
github.com/divyo-argha/git-user/internal/tui/app.go:269.15,272.15 3 1
github.com/divyo-argha/git-user/internal/tui/app.go:272.15,274.4 1 0
github.com/divyo-argha/git-user/internal/tui/app.go:275.3,277.15 1 1
github.com/divyo-argha/git-user/internal/tui/app.go:279.21,280.38 1 1
github.com/divyo-argha/git-user/internal/tui/app.go:282.16,284.17 2 1
github.com/divyo-argha/git-user/internal/tui/app.go:284.17,286.4 1 1
github.com/divyo-argha/git-user/internal/tui/app.go:287.3,287.74 1 0
github.com/divyo-argha/git-user/internal/tui/app.go:289.21,301.5 1 1
github.com/divyo-argha/git-user/internal/tui/app.go:303.14,305.18 2 1
github.com/divyo-argha/git-user/internal/tui/app.go:305.18,307.4 1 0
github.com/divyo-argha/git-user/internal/tui/app.go:308.3,318.5 1 1
github.com/divyo-argha/git-user/internal/tui/app.go:320.19,321.74 1 1
github.com/divyo-argha/git-user/internal/tui/app.go:321.74,323.4 1 0
github.com/divyo-argha/git-user/internal/tui/app.go:325.16,330.5 1 1
github.com/divyo-argha/git-user/internal/tui/app.go:332.15,337.5 1 1
github.com/divyo-argha/git-user/internal/tui/app.go:339.20,340.75 1 1
github.com/divyo-argha/git-user/internal/tui/app.go:342.24,344.33 2 1
github.com/divyo-argha/git-user/internal/tui/app.go:344.33,346.4 1 0
github.com/divyo-argha/git-user/internal/tui/app.go:347.3,348.16 2 1
github.com/divyo-argha/git-user/internal/tui/app.go:348.16,354.4 1 0
github.com/divyo-argha/git-user/internal/tui/app.go:355.3,358.15 1 1
github.com/divyo-argha/git-user/internal/tui/app.go:360.27,361.34 1 1
github.com/divyo-argha/git-user/internal/tui/app.go:361.34,363.4 1 1
github.com/divyo-argha/git-user/internal/tui/app.go:364.3,366.15 1 0
github.com/divyo-argha/git-user/internal/tui/app.go:368.27,371.15 1 1
github.com/divyo-argha/git-user/internal/tui/app.go:373.19,376.15 1 1
github.com/divyo-argha/git-user/internal/tui/app.go:378.21,380.40 2 1
github.com/divyo-argha/git-user/internal/tui/app.go:380.40,382.4 1 1
github.com/divyo-argha/git-user/internal/tui/app.go:383.3,383.28 1 0
github.com/divyo-argha/git-user/internal/tui/app.go:383.28,390.4 2 0
github.com/divyo-argha/git-user/internal/tui/app.go:391.3,392.33 2 0
github.com/divyo-argha/git-user/internal/tui/app.go:392.33,394.4 1 0
github.com/divyo-argha/git-user/internal/tui/app.go:395.3,402.5 2 0
github.com/divyo-argha/git-user/internal/tui/app.go:404.16,406.36 2 1
github.com/divyo-argha/git-user/internal/tui/app.go:408.23,409.63 1 1
github.com/divyo-argha/git-user/internal/tui/app.go:411.24,412.28 1 1
github.com/divyo-argha/git-user/internal/tui/app.go:412.28,414.4 1 1
github.com/divyo-argha/git-user/internal/tui/app.go:415.3,415.56 1 1
github.com/divyo-argha/git-user/internal/tui/app.go:417.20,418.34 1 1
github.com/divyo-argha/git-user/internal/tui/app.go:420.16,423.15 1 1
github.com/divyo-argha/git-user/internal/tui/app.go:425.25,428.30 3 1
github.com/divyo-argha/git-user/internal/tui/app.go:428.30,429.35 1 0
github.com/divyo-argha/git-user/internal/tui/app.go:429.35,431.5 1 0
github.com/divyo-argha/git-user/internal/tui/app.go:432.4,432.36 1 0
github.com/divyo-argha/git-user/internal/tui/app.go:432.36,434.5 1 0
github.com/divyo-argha/git-user/internal/tui/app.go:436.3,439.15 1 1
github.com/divyo-argha/git-user/internal/tui/app.go:441.16,446.5 1 1
github.com/divyo-argha/git-user/internal/tui/app.go:448.16,449.65 1 1
github.com/divyo-argha/git-user/internal/tui/app.go:449.65,451.4 1 0
github.com/divyo-argha/git-user/internal/tui/app.go:453.20,454.69 1 1
github.com/divyo-argha/git-user/internal/tui/app.go:454.69,456.4 1 0
github.com/divyo-argha/git-user/internal/tui/app.go:458.18,459.67 1 1
github.com/divyo-argha/git-user/internal/tui/app.go:459.67,461.4 1 0
github.com/divyo-argha/git-user/internal/tui/app.go:463.16,464.65 1 1
github.com/divyo-argha/git-user/internal/tui/app.go:464.65,466.4 1 0
github.com/divyo-argha/git-user/internal/tui/app.go:468.16,469.150 1 1
github.com/divyo-argha/git-user/internal/tui/app.go:472.2,472.15 1 0
github.com/divyo-argha/git-user/internal/tui/app.go:475.54,477.18 2 1
github.com/divyo-argha/git-user/internal/tui/app.go:477.18,479.3 1 1
github.com/divyo-argha/git-user/internal/tui/app.go:480.2,483.14 1 1
github.com/divyo-argha/git-user/internal/tui/app.go:486.66,488.17 2 1
github.com/divyo-argha/git-user/internal/tui/app.go:488.17,489.47 1 1
github.com/divyo-argha/git-user/internal/tui/app.go:489.47,491.36 2 0
github.com/divyo-argha/git-user/internal/tui/app.go:491.36,493.5 1 0
github.com/divyo-argha/git-user/internal/tui/app.go:494.9,495.25 1 1
github.com/divyo-argha/git-user/internal/tui/app.go:495.25,497.37 2 0
github.com/divyo-argha/git-user/internal/tui/app.go:497.37,499.6 1 0
github.com/divyo-argha/git-user/internal/tui/app.go:500.10,502.37 2 1
github.com/divyo-argha/git-user/internal/tui/app.go:502.37,503.28 1 0
github.com/divyo-argha/git-user/internal/tui/app.go:503.28,505.7 1 0
github.com/divyo-argha/git-user/internal/tui/app.go:509.3,509.23 1 1
github.com/divyo-argha/git-user/internal/tui/app.go:511.2,511.34 1 1
github.com/divyo-argha/git-user/internal/tui/app.go:516.81,517.22 1 0
github.com/divyo-argha/git-user/internal/tui/app.go:517.22,519.3 1 0
github.com/divyo-argha/git-user/internal/tui/app.go:521.2,524.20 4 0
github.com/divyo-argha/git-user/internal/tui/app.go:524.20,526.3 1 0
github.com/divyo-argha/git-user/internal/tui/app.go:528.2,528.16 1 0
github.com/divyo-argha/git-user/internal/tui/app.go:529.19,534.22 5 0
github.com/divyo-argha/git-user/internal/tui/app.go:534.22,536.4 1 0
github.com/divyo-argha/git-user/internal/tui/app.go:537.3,537.22 1 0
github.com/divyo-argha/git-user/internal/tui/app.go:537.22,539.4 1 0
github.com/divyo-argha/git-user/internal/tui/app.go:540.3,540.21 1 0
github.com/divyo-argha/git-user/internal/tui/app.go:541.19,545.16 1 0
github.com/divyo-argha/git-user/internal/tui/app.go:546.19,549.16 1 0
github.com/divyo-argha/git-user/internal/tui/app.go:550.11,552.72 1 0
github.com/divyo-argha/git-user/internal/tui/app.go:552.72,554.5 1 0
github.com/divyo-argha/git-user/internal/tui/app.go:557.23,559.76 2 0
github.com/divyo-argha/git-user/internal/tui/app.go:559.76,561.4 1 0
github.com/divyo-argha/git-user/internal/tui/app.go:563.21,565.72 2 0
github.com/divyo-argha/git-user/internal/tui/app.go:565.72,568.4 2 0
github.com/divyo-argha/git-user/internal/tui/app.go:571.2,571.15 1 0
github.com/divyo-argha/git-user/internal/tui/app.go:576.77,579.20 2 1
github.com/divyo-argha/git-user/internal/tui/app.go:579.20,581.10 2 0
github.com/divyo-argha/git-user/internal/tui/app.go:582.47,585.17 1 0
github.com/divyo-argha/git-user/internal/tui/app.go:586.47,587.54 1 0
github.com/divyo-argha/git-user/internal/tui/app.go:588.11,589.97 1 0
github.com/divyo-argha/git-user/internal/tui/app.go:591.3,592.31 2 0
github.com/divyo-argha/git-user/internal/tui/app.go:595.2,595.18 1 1
github.com/divyo-argha/git-user/internal/tui/app.go:596.16,598.28 2 0
github.com/divyo-argha/git-user/internal/tui/app.go:598.28,606.4 3 0
github.com/divyo-argha/git-user/internal/tui/app.go:607.16,609.18 2 1
github.com/divyo-argha/git-user/internal/tui/app.go:609.18,611.4 1 0
github.com/divyo-argha/git-user/internal/tui/app.go:612.3,613.21 2 1
github.com/divyo-argha/git-user/internal/tui/app.go:613.21,615.4 1 1
github.com/divyo-argha/git-user/internal/tui/app.go:616.3,616.28 1 1
github.com/divyo-argha/git-user/internal/tui/app.go:616.28,622.4 1 0
github.com/divyo-argha/git-user/internal/tui/app.go:623.16,624.104 1 0
github.com/divyo-argha/git-user/internal/tui/app.go:625.10,626.21 1 0
github.com/divyo-argha/git-user/internal/tui/app.go:626.21,628.4 1 0
github.com/divyo-argha/git-user/internal/tui/app.go:628.9,630.4 1 0
github.com/divyo-argha/git-user/internal/tui/app.go:633.2,634.30 2 1
github.com/divyo-argha/git-user/internal/tui/app.go:637.58,638.18 1 0
github.com/divyo-argha/git-user/internal/tui/app.go:639.16,642.15 1 0
github.com/divyo-argha/git-user/internal/tui/app.go:643.16,646.15 1 0
github.com/divyo-argha/git-user/internal/tui/app.go:647.19,651.15 1 0
github.com/divyo-argha/git-user/internal/tui/app.go:653.2,653.88 1 0
github.com/divyo-argha/git-user/internal/tui/app.go:656.33,658.50 2 1
github.com/divyo-argha/git-user/internal/tui/app.go:658.50,660.3 1 1
github.com/divyo-argha/git-user/internal/tui/app.go:661.2,661.10 1 1
github.com/divyo-argha/git-user/internal/tui/app.go:664.39,665.14 1 1
github.com/divyo-argha/git-user/internal/tui/app.go:666.49,667.28 1 0
github.com/divyo-argha/git-user/internal/tui/app.go:668.14,669.30 1 0
github.com/divyo-argha/git-user/internal/tui/app.go:670.15,671.27 1 0
github.com/divyo-argha/git-user/internal/tui/app.go:672.48,673.18 1 0
github.com/divyo-argha/git-user/internal/tui/app.go:674.16,675.18 1 0
github.com/divyo-argha/git-user/internal/tui/app.go:676.25,677.38 1 0
github.com/divyo-argha/git-user/internal/tui/app.go:678.19,679.32 1 0
github.com/divyo-argha/git-user/internal/tui/app.go:680.18,681.26 1 0
github.com/divyo-argha/git-user/internal/tui/app.go:682.16,683.23 1 0
github.com/divyo-argha/git-user/internal/tui/app.go:684.20,685.29 1 0
github.com/divyo-argha/git-user/internal/tui/app.go:686.21,687.27 1 0
github.com/divyo-argha/git-user/internal/tui/app.go:689.2,689.17 1 1
github.com/divyo-argha/git-user/internal/tui/app.go:694.83,695.20 1 1
github.com/divyo-argha/git-user/internal/tui/app.go:695.20,697.3 1 1
github.com/divyo-argha/git-user/internal/tui/app.go:699.2,702.20 4 1
github.com/divyo-argha/git-user/internal/tui/app.go:702.20,704.3 1 1
github.com/divyo-argha/git-user/internal/tui/app.go:706.2,706.16 1 1
github.com/divyo-argha/git-user/internal/tui/app.go:707.16,709.44 2 1
github.com/divyo-argha/git-user/internal/tui/app.go:709.44,711.4 1 1
github.com/divyo-argha/git-user/internal/tui/app.go:712.3,713.67 2 1
github.com/divyo-argha/git-user/internal/tui/app.go:713.67,716.4 2 0
github.com/divyo-argha/git-user/internal/tui/app.go:718.20,720.69 2 0
github.com/divyo-argha/git-user/internal/tui/app.go:720.69,723.4 2 0
github.com/divyo-argha/git-user/internal/tui/app.go:725.16,726.67 1 1
github.com/divyo-argha/git-user/internal/tui/app.go:726.67,729.4 2 0
github.com/divyo-argha/git-user/internal/tui/app.go:731.15,735.15 1 1
github.com/divyo-argha/git-user/internal/tui/app.go:737.29,741.22 4 0
github.com/divyo-argha/git-user/internal/tui/app.go:741.22,743.4 1 0
github.com/divyo-argha/git-user/internal/tui/app.go:744.3,744.72 1 0
github.com/divyo-argha/git-user/internal/tui/app.go:744.72,747.4 2 0
github.com/divyo-argha/git-user/internal/tui/app.go:749.18,757.22 8 0
github.com/divyo-argha/git-user/internal/tui/app.go:757.22,759.4 1 0
github.com/divyo-argha/git-user/internal/tui/app.go:760.3,760.22 1 0
github.com/divyo-argha/git-user/internal/tui/app.go:760.22,762.4 1 0
github.com/divyo-argha/git-user/internal/tui/app.go:763.3,763.22 1 0
github.com/divyo-argha/git-user/internal/tui/app.go:763.22,765.4 1 0
github.com/divyo-argha/git-user/internal/tui/app.go:766.3,766.22 1 0
github.com/divyo-argha/git-user/internal/tui/app.go:766.22,768.4 1 0
github.com/divyo-argha/git-user/internal/tui/app.go:769.3,769.22 1 0
github.com/divyo-argha/git-user/internal/tui/app.go:769.22,771.4 1 0
github.com/divyo-argha/git-user/internal/tui/app.go:772.3,772.22 1 0
github.com/divyo-argha/git-user/internal/tui/app.go:772.22,774.4 1 0
github.com/divyo-argha/git-user/internal/tui/app.go:775.3,775.71 1 0
github.com/divyo-argha/git-user/internal/tui/app.go:775.71,777.4 1 0
github.com/divyo-argha/git-user/internal/tui/app.go:779.22,780.69 1 0
github.com/divyo-argha/git-user/internal/tui/app.go:780.69,782.4 1 0
github.com/divyo-argha/git-user/internal/tui/app.go:785.2,785.15 1 1
github.com/divyo-argha/git-user/internal/tui/app.go:790.77,791.26 1 1
github.com/divyo-argha/git-user/internal/tui/app.go:791.26,793.3 1 1
github.com/divyo-argha/git-user/internal/tui/app.go:795.2,798.20 4 1
github.com/divyo-argha/git-user/internal/tui/app.go:798.20,800.3 1 1
github.com/divyo-argha/git-user/internal/tui/app.go:802.2,802.16 1 1
github.com/divyo-argha/git-user/internal/tui/app.go:803.35,804.49 1 1
github.com/divyo-argha/git-user/internal/tui/app.go:804.49,806.4 1 1
github.com/divyo-argha/git-user/internal/tui/app.go:807.3,807.35 1 1
github.com/divyo-argha/git-user/internal/tui/app.go:807.35,809.4 1 1
github.com/divyo-argha/git-user/internal/tui/app.go:810.3,810.41 1 1
github.com/divyo-argha/git-user/internal/tui/app.go:810.41,812.4 1 0
github.com/divyo-argha/git-user/internal/tui/app.go:813.3,813.42 1 1
github.com/divyo-argha/git-user/internal/tui/app.go:813.42,815.4 1 0
github.com/divyo-argha/git-user/internal/tui/app.go:816.3,826.5 1 1
github.com/divyo-argha/git-user/internal/tui/app.go:828.16,829.26 1 1
github.com/divyo-argha/git-user/internal/tui/app.go:829.26,831.4 1 1
github.com/divyo-argha/git-user/internal/tui/app.go:832.3,832.67 1 1
github.com/divyo-argha/git-user/internal/tui/app.go:832.67,835.4 2 0
github.com/divyo-argha/git-user/internal/tui/app.go:837.15,838.26 1 1
github.com/divyo-argha/git-user/internal/tui/app.go:838.26,840.4 1 1
github.com/divyo-argha/git-user/internal/tui/app.go:841.3,841.35 1 1
github.com/divyo-argha/git-user/internal/tui/app.go:841.35,843.4 1 0
github.com/divyo-argha/git-user/internal/tui/app.go:844.3,844.66 1 1
github.com/divyo-argha/git-user/internal/tui/app.go:844.66,847.4 2 0
github.com/divyo-argha/git-user/internal/tui/app.go:849.24,853.31 4 0
github.com/divyo-argha/git-user/internal/tui/app.go:853.31,855.4 1 0
github.com/divyo-argha/git-user/internal/tui/app.go:856.3,860.5 1 0
github.com/divyo-argha/git-user/internal/tui/app.go:862.21,866.20 4 0
github.com/divyo-argha/git-user/internal/tui/app.go:866.20,868.4 1 0
github.com/divyo-argha/git-user/internal/tui/app.go:869.3,869.45 1 0
github.com/divyo-argha/git-user/internal/tui/app.go:869.45,871.4 1 0
github.com/divyo-argha/git-user/internal/tui/app.go:872.3,876.5 1 0
github.com/divyo-argha/git-user/internal/tui/app.go:878.19,879.26 1 0
github.com/divyo-argha/git-user/internal/tui/app.go:879.26,881.4 1 0
github.com/divyo-argha/git-user/internal/tui/app.go:882.3,882.70 1 0
github.com/divyo-argha/git-user/internal/tui/app.go:882.70,885.4 2 0
github.com/divyo-argha/git-user/internal/tui/app.go:887.30,889.17 2 0
github.com/divyo-argha/git-user/internal/tui/app.go:889.17,891.4 1 0
github.com/divyo-argha/git-user/internal/tui/app.go:892.3,892.28 1 0
github.com/divyo-argha/git-user/internal/tui/app.go:892.28,894.4 1 0
github.com/divyo-argha/git-user/internal/tui/app.go:895.3,897.29 3 0
github.com/divyo-argha/git-user/internal/tui/app.go:897.29,899.4 1 0
github.com/divyo-argha/git-user/internal/tui/app.go:899.9,899.24 1 0
github.com/divyo-argha/git-user/internal/tui/app.go:899.24,901.4 1 0
github.com/divyo-argha/git-user/internal/tui/app.go:902.3,902.65 1 0
github.com/divyo-argha/git-user/internal/tui/app.go:902.65,904.4 1 0
github.com/divyo-argha/git-user/internal/tui/app.go:906.21,907.26 1 0
github.com/divyo-argha/git-user/internal/tui/app.go:907.26,909.4 1 0
github.com/divyo-argha/git-user/internal/tui/app.go:910.3,912.15 1 0
github.com/divyo-argha/git-user/internal/tui/app.go:914.21,915.26 1 0
github.com/divyo-argha/git-user/internal/tui/app.go:915.26,917.4 1 0
github.com/divyo-argha/git-user/internal/tui/app.go:918.3,918.65 1 0
github.com/divyo-argha/git-user/internal/tui/app.go:918.65,920.4 1 0
github.com/divyo-argha/git-user/internal/tui/app.go:922.25,925.17 3 0
github.com/divyo-argha/git-user/internal/tui/app.go:925.17,927.4 1 0
github.com/divyo-argha/git-user/internal/tui/app.go:928.3,928.18 1 0
github.com/divyo-argha/git-user/internal/tui/app.go:928.18,930.4 1 0
github.com/divyo-argha/git-user/internal/tui/app.go:931.3,931.74 1 0
github.com/divyo-argha/git-user/internal/tui/app.go:931.74,933.4 1 0
github.com/divyo-argha/git-user/internal/tui/app.go:935.46,937.26 2 0
github.com/divyo-argha/git-user/internal/tui/app.go:937.26,939.4 1 0
github.com/divyo-argha/git-user/internal/tui/app.go:940.3,940.76 1 0
github.com/divyo-argha/git-user/internal/tui/app.go:940.76,942.4 1 0
github.com/divyo-argha/git-user/internal/tui/app.go:944.29,945.49 1 0
github.com/divyo-argha/git-user/internal/tui/app.go:945.49,947.4 1 0
github.com/divyo-argha/git-user/internal/tui/app.go:948.3,948.79 1 0
github.com/divyo-argha/git-user/internal/tui/app.go:948.79,950.4 1 0
github.com/divyo-argha/git-user/internal/tui/app.go:952.34,953.37 1 0
github.com/divyo-argha/git-user/internal/tui/app.go:953.37,955.4 1 0
github.com/divyo-argha/git-user/internal/tui/app.go:956.3,956.26 1 0
github.com/divyo-argha/git-user/internal/tui/app.go:956.26,958.4 1 0
github.com/divyo-argha/git-user/internal/tui/app.go:959.3,959.75 1 0
github.com/divyo-argha/git-user/internal/tui/app.go:959.75,962.4 2 0
github.com/divyo-argha/git-user/internal/tui/app.go:964.24,965.37 1 0
github.com/divyo-argha/git-user/internal/tui/app.go:965.37,967.4 1 0
github.com/divyo-argha/git-user/internal/tui/app.go:968.3,968.26 1 0
github.com/divyo-argha/git-user/internal/tui/app.go:968.26,970.4 1 0
github.com/divyo-argha/git-user/internal/tui/app.go:971.3,971.75 1 0
github.com/divyo-argha/git-user/internal/tui/app.go:971.75,974.4 2 0
github.com/divyo-argha/git-user/internal/tui/app.go:976.27,977.78 1 0
github.com/divyo-argha/git-user/internal/tui/app.go:977.78,980.4 2 0
github.com/divyo-argha/git-user/internal/tui/app.go:982.27,983.78 1 0
github.com/divyo-argha/git-user/internal/tui/app.go:983.78,986.4 2 0
github.com/divyo-argha/git-user/internal/tui/app.go:988.20,989.37 1 0
github.com/divyo-argha/git-user/internal/tui/app.go:989.37,991.4 1 0
github.com/divyo-argha/git-user/internal/tui/app.go:992.3,992.66 1 0
github.com/divyo-argha/git-user/internal/tui/app.go:992.66,994.4 1 0
github.com/divyo-argha/git-user/internal/tui/app.go:996.21,997.67 1 0
github.com/divyo-argha/git-user/internal/tui/app.go:997.67,999.4 1 0
github.com/divyo-argha/git-user/internal/tui/app.go:1002.2,1002.15 1 0
github.com/divyo-argha/git-user/internal/tui/app.go:1005.43,1006.21 1 0
github.com/divyo-argha/git-user/internal/tui/app.go:1006.21,1008.3 1 0
github.com/divyo-argha/git-user/internal/tui/app.go:1009.2,1009.11 1 0
github.com/divyo-argha/git-user/internal/tui/app.go:1014.27,1014.44 1 1
github.com/divyo-argha/git-user/internal/tui/app.go:1016.56,1017.21 1 0
github.com/divyo-argha/git-user/internal/tui/app.go:1017.21,1019.3 1 0
github.com/divyo-argha/git-user/internal/tui/app.go:1020.2,1020.51 1 0
github.com/divyo-argha/git-user/internal/tui/ops.go:40.37,41.35 1 1
github.com/divyo-argha/git-user/internal/tui/ops.go:41.35,44.3 2 1
github.com/divyo-argha/git-user/internal/tui/ops.go:45.2,45.13 1 1
github.com/divyo-argha/git-user/internal/tui/ops.go:48.27,49.12 1 0
github.com/divyo-argha/git-user/internal/tui/ops.go:49.12,51.3 1 0
github.com/divyo-argha/git-user/internal/tui/ops.go:52.2,52.14 1 0
github.com/divyo-argha/git-user/internal/tui/ops.go:55.38,59.2 3 1
github.com/divyo-argha/git-user/internal/tui/ops.go:61.64,63.16 2 1
github.com/divyo-argha/git-user/internal/tui/ops.go:63.16,65.3 1 1
github.com/divyo-argha/git-user/internal/tui/ops.go:66.2,67.16 2 0
github.com/divyo-argha/git-user/internal/tui/ops.go:67.16,69.3 1 0
github.com/divyo-argha/git-user/internal/tui/ops.go:70.2,71.36 2 0
github.com/divyo-argha/git-user/internal/tui/ops.go:71.36,73.3 1 0
github.com/divyo-argha/git-user/internal/tui/ops.go:74.2,74.19 1 0
github.com/divyo-argha/git-user/internal/tui/ops.go:79.70,81.38 2 1
github.com/divyo-argha/git-user/internal/tui/ops.go:81.38,83.3 1 1
github.com/divyo-argha/git-user/internal/tui/ops.go:84.2,85.65 2 1
github.com/divyo-argha/git-user/internal/tui/ops.go:85.65,87.3 1 1
github.com/divyo-argha/git-user/internal/tui/ops.go:88.2,88.46 1 0
github.com/divyo-argha/git-user/internal/tui/ops.go:88.46,89.92 1 0
github.com/divyo-argha/git-user/internal/tui/ops.go:89.92,91.4 1 0
github.com/divyo-argha/git-user/internal/tui/ops.go:93.2,93.13 1 0
github.com/divyo-argha/git-user/internal/tui/ops.go:100.79,101.24 1 0
github.com/divyo-argha/git-user/internal/tui/ops.go:101.24,103.3 1 0
github.com/divyo-argha/git-user/internal/tui/ops.go:105.2,108.17 3 0
github.com/divyo-argha/git-user/internal/tui/ops.go:108.17,110.3 1 0
github.com/divyo-argha/git-user/internal/tui/ops.go:112.2,115.50 2 0
github.com/divyo-argha/git-user/internal/tui/ops.go:115.50,116.47 1 0
github.com/divyo-argha/git-user/internal/tui/ops.go:116.47,117.60 1 0
github.com/divyo-argha/git-user/internal/tui/ops.go:117.60,119.5 1 0
github.com/divyo-argha/git-user/internal/tui/ops.go:120.4,120.68 1 0
github.com/divyo-argha/git-user/internal/tui/ops.go:120.68,122.5 1 0
github.com/divyo-argha/git-user/internal/tui/ops.go:123.4,123.24 1 0
github.com/divyo-argha/git-user/internal/tui/ops.go:123.24,125.26 2 0
github.com/divyo-argha/git-user/internal/tui/ops.go:125.26,128.6 2 0
github.com/divyo-argha/git-user/internal/tui/ops.go:129.5,129.52 1 0
github.com/divyo-argha/git-user/internal/tui/ops.go:135.2,135.23 1 0
github.com/divyo-argha/git-user/internal/tui/ops.go:135.23,136.57 1 0
github.com/divyo-argha/git-user/internal/tui/ops.go:136.57,138.4 1 0
github.com/divyo-argha/git-user/internal/tui/ops.go:142.2,142.23 1 0
github.com/divyo-argha/git-user/internal/tui/ops.go:142.23,145.67 3 0
github.com/divyo-argha/git-user/internal/tui/ops.go:145.67,147.39 2 0
github.com/divyo-argha/git-user/internal/tui/ops.go:147.39,148.94 1 0
github.com/divyo-argha/git-user/internal/tui/ops.go:148.94,149.51 1 0
github.com/divyo-argha/git-user/internal/tui/ops.go:149.51,151.7 1 0
github.com/divyo-argha/git-user/internal/tui/ops.go:151.12,153.7 1 0
github.com/divyo-argha/git-user/internal/tui/ops.go:156.4,156.15 1 0
github.com/divyo-argha/git-user/internal/tui/ops.go:156.15,158.5 1 0
github.com/divyo-argha/git-user/internal/tui/ops.go:159.4,159.45 1 0
github.com/divyo-argha/git-user/internal/tui/ops.go:159.45,161.5 1 0
github.com/divyo-argha/git-user/internal/tui/ops.go:162.4,162.48 1 0
github.com/divyo-argha/git-user/internal/tui/ops.go:162.48,164.5 1 0
github.com/divyo-argha/git-user/internal/tui/ops.go:165.4,165.35 1 0
github.com/divyo-argha/git-user/internal/tui/ops.go:165.35,166.71 1 0
github.com/divyo-argha/git-user/internal/tui/ops.go:166.71,168.6 1 0
github.com/divyo-argha/git-user/internal/tui/ops.go:173.2,173.57 1 0
github.com/divyo-argha/git-user/internal/tui/ops.go:173.57,175.3 1 0
github.com/divyo-argha/git-user/internal/tui/ops.go:176.2,176.56 1 0
github.com/divyo-argha/git-user/internal/tui/ops.go:176.56,178.3 1 0
github.com/divyo-argha/git-user/internal/tui/ops.go:179.2,179.46 1 0
github.com/divyo-argha/git-user/internal/tui/ops.go:179.46,180.77 1 0
github.com/divyo-argha/git-user/internal/tui/ops.go:180.77,182.4 1 0
github.com/divyo-argha/git-user/internal/tui/ops.go:183.8,185.3 1 0
github.com/divyo-argha/git-user/internal/tui/ops.go:186.2,186.46 1 0
github.com/divyo-argha/git-user/internal/tui/ops.go:186.46,187.36 1 0
github.com/divyo-argha/git-user/internal/tui/ops.go:187.36,189.4 1 0
github.com/divyo-argha/git-user/internal/tui/ops.go:191.2,191.38 1 0
github.com/divyo-argha/git-user/internal/tui/ops.go:191.38,193.3 1 0
github.com/divyo-argha/git-user/internal/tui/ops.go:195.2,195.47 1 0
github.com/divyo-argha/git-user/internal/tui/ops.go:195.47,197.3 1 0
github.com/divyo-argha/git-user/internal/tui/ops.go:198.2,198.43 1 0
github.com/divyo-argha/git-user/internal/tui/ops.go:198.43,200.3 1 0
github.com/divyo-argha/git-user/internal/tui/ops.go:202.2,203.46 2 0
github.com/divyo-argha/git-user/internal/tui/ops.go:203.46,205.3 1 0
github.com/divyo-argha/git-user/internal/tui/ops.go:206.2,206.59 1 0
github.com/divyo-argha/git-user/internal/tui/ops.go:206.59,208.3 1 0
github.com/divyo-argha/git-user/internal/tui/ops.go:209.2,209.29 1 0
github.com/divyo-argha/git-user/internal/tui/ops.go:209.29,211.3 1 0
github.com/divyo-argha/git-user/internal/tui/ops.go:213.2,213.69 1 0
github.com/divyo-argha/git-user/internal/tui/ops.go:217.62,218.27 1 0
github.com/divyo-argha/git-user/internal/tui/ops.go:218.27,220.3 1 0
github.com/divyo-argha/git-user/internal/tui/ops.go:221.2,221.23 1 0
github.com/divyo-argha/git-user/internal/tui/ops.go:221.23,223.3 1 0
github.com/divyo-argha/git-user/internal/tui/ops.go:224.2,224.40 1 0
github.com/divyo-argha/git-user/internal/tui/ops.go:227.67,229.11 2 0
github.com/divyo-argha/git-user/internal/tui/ops.go:229.11,231.3 1 0
github.com/divyo-argha/git-user/internal/tui/ops.go:232.2,232.63 1 0
github.com/divyo-argha/git-user/internal/tui/ops.go:235.60,237.11 2 0
github.com/divyo-argha/git-user/internal/tui/ops.go:237.11,239.3 1 0
github.com/divyo-argha/git-user/internal/tui/ops.go:240.2,240.71 1 0
github.com/divyo-argha/git-user/internal/tui/ops.go:244.54,246.17 2 0
github.com/divyo-argha/git-user/internal/tui/ops.go:246.17,248.3 1 0
github.com/divyo-argha/git-user/internal/tui/ops.go:249.2,249.58 1 0
github.com/divyo-argha/git-user/internal/tui/ops.go:249.58,251.3 1 0
github.com/divyo-argha/git-user/internal/tui/ops.go:252.2,253.22 2 0
github.com/divyo-argha/git-user/internal/tui/ops.go:253.22,255.24 2 0
github.com/divyo-argha/git-user/internal/tui/ops.go:255.24,258.4 2 0
github.com/divyo-argha/git-user/internal/tui/ops.go:259.3,259.50 1 0
github.com/divyo-argha/git-user/internal/tui/ops.go:261.2,262.43 2 0
github.com/divyo-argha/git-user/internal/tui/ops.go:262.43,264.3 1 0
github.com/divyo-argha/git-user/internal/tui/ops.go:265.2,265.101 1 0
github.com/divyo-argha/git-user/internal/tui/ops.go:269.64,270.36 1 1
github.com/divyo-argha/git-user/internal/tui/ops.go:270.36,272.3 1 1
github.com/divyo-argha/git-user/internal/tui/ops.go:273.2,274.14 2 1
github.com/divyo-argha/git-user/internal/tui/ops.go:274.14,276.3 1 0
github.com/divyo-argha/git-user/internal/tui/ops.go:277.2,278.27 2 1
github.com/divyo-argha/git-user/internal/tui/ops.go:278.27,280.3 1 1
github.com/divyo-argha/git-user/internal/tui/ops.go:281.2,281.27 1 1
github.com/divyo-argha/git-user/internal/tui/ops.go:285.70,286.32 1 1
github.com/divyo-argha/git-user/internal/tui/ops.go:286.32,287.44 1 1
github.com/divyo-argha/git-user/internal/tui/ops.go:287.44,289.4 1 1
github.com/divyo-argha/git-user/internal/tui/ops.go:291.2,291.57 1 1
github.com/divyo-argha/git-user/internal/tui/ops.go:291.57,293.3 1 0
github.com/divyo-argha/git-user/internal/tui/ops.go:294.2,294.27 1 1
github.com/divyo-argha/git-user/internal/tui/ops.go:294.27,296.52 2 0
github.com/divyo-argha/git-user/internal/tui/ops.go:296.52,298.4 1 0
github.com/divyo-argha/git-user/internal/tui/ops.go:300.2,300.27 1 1
github.com/divyo-argha/git-user/internal/tui/ops.go:307.65,309.17 2 1
github.com/divyo-argha/git-user/internal/tui/ops.go:309.17,311.3 1 0
github.com/divyo-argha/git-user/internal/tui/ops.go:312.2,314.53 3 1
github.com/divyo-argha/git-user/internal/tui/ops.go:314.53,316.3 1 0
github.com/divyo-argha/git-user/internal/tui/ops.go:317.2,318.15 2 1
github.com/divyo-argha/git-user/internal/tui/ops.go:318.15,320.3 1 0
github.com/divyo-argha/git-user/internal/tui/ops.go:321.2,321.43 1 1
github.com/divyo-argha/git-user/internal/tui/ops.go:321.43,323.3 1 0
github.com/divyo-argha/git-user/internal/tui/ops.go:324.2,324.20 1 1
github.com/divyo-argha/git-user/internal/tui/ops.go:328.39,329.19 1 0
github.com/divyo-argha/git-user/internal/tui/ops.go:329.19,331.3 1 0
github.com/divyo-argha/git-user/internal/tui/ops.go:332.2,333.33 2 0
github.com/divyo-argha/git-user/internal/tui/ops.go:339.68,342.65 3 0
github.com/divyo-argha/git-user/internal/tui/ops.go:342.65,344.3 1 0
github.com/divyo-argha/git-user/internal/tui/ops.go:345.2,345.44 1 0
github.com/divyo-argha/git-user/internal/tui/ops.go:345.44,347.3 1 0
github.com/divyo-argha/git-user/internal/tui/ops.go:348.2,349.50 2 0
github.com/divyo-argha/git-user/internal/tui/ops.go:349.50,351.3 1 0
github.com/divyo-argha/git-user/internal/tui/ops.go:352.2,352.22 1 0
github.com/divyo-argha/git-user/internal/tui/ops.go:352.22,354.3 1 0
github.com/divyo-argha/git-user/internal/tui/ops.go:355.2,355.21 1 0
github.com/divyo-argha/git-user/internal/tui/ops.go:360.141,361.51 1 1
github.com/divyo-argha/git-user/internal/tui/ops.go:361.51,363.3 1 0
github.com/divyo-argha/git-user/internal/tui/ops.go:364.2,364.12 1 1
github.com/divyo-argha/git-user/internal/tui/ops.go:364.12,365.42 1 1
github.com/divyo-argha/git-user/internal/tui/ops.go:365.42,367.4 1 1
github.com/divyo-argha/git-user/internal/tui/ops.go:369.2,369.19 1 1
github.com/divyo-argha/git-user/internal/tui/ops.go:369.19,370.57 1 0
github.com/divyo-argha/git-user/internal/tui/ops.go:370.57,372.4 1 0
github.com/divyo-argha/git-user/internal/tui/ops.go:373.3,373.18 1 0
github.com/divyo-argha/git-user/internal/tui/ops.go:373.18,374.68 1 0
github.com/divyo-argha/git-user/internal/tui/ops.go:374.68,376.5 1 0
github.com/divyo-argha/git-user/internal/tui/ops.go:377.9,379.4 1 0
github.com/divyo-argha/git-user/internal/tui/ops.go:381.2,381.43 1 1
github.com/divyo-argha/git-user/internal/tui/ops.go:381.43,383.3 1 0
github.com/divyo-argha/git-user/internal/tui/ops.go:385.2,386.19 2 1
github.com/divyo-argha/git-user/internal/tui/ops.go:386.19,389.60 3 0
github.com/divyo-argha/git-user/internal/tui/ops.go:389.60,391.4 1 0
github.com/divyo-argha/git-user/internal/tui/ops.go:392.8,394.3 1 1
github.com/divyo-argha/git-user/internal/tui/ops.go:395.2,395.56 1 1
github.com/divyo-argha/git-user/internal/tui/ops.go:399.92,401.17 2 0
github.com/divyo-argha/git-user/internal/tui/ops.go:401.17,403.3 1 0
github.com/divyo-argha/git-user/internal/tui/ops.go:404.2,405.45 2 0
github.com/divyo-argha/git-user/internal/tui/ops.go:405.45,407.3 1 0
github.com/divyo-argha/git-user/internal/tui/ops.go:408.2,408.57 1 0
github.com/divyo-argha/git-user/internal/tui/ops.go:408.57,410.3 1 0
github.com/divyo-argha/git-user/internal/tui/ops.go:411.2,411.17 1 0
github.com/divyo-argha/git-user/internal/tui/ops.go:411.17,412.68 1 0
github.com/divyo-argha/git-user/internal/tui/ops.go:412.68,414.4 1 0
github.com/divyo-argha/git-user/internal/tui/ops.go:415.8,417.3 1 0
github.com/divyo-argha/git-user/internal/tui/ops.go:418.2,418.43 1 0
github.com/divyo-argha/git-user/internal/tui/ops.go:418.43,420.3 1 0
github.com/divyo-argha/git-user/internal/tui/ops.go:421.2,422.17 2 0
github.com/divyo-argha/git-user/internal/tui/ops.go:422.17,424.3 1 0
github.com/divyo-argha/git-user/internal/tui/ops.go:424.8,426.3 1 0
github.com/divyo-argha/git-user/internal/tui/ops.go:427.2,427.27 1 0
github.com/divyo-argha/git-user/internal/tui/ops.go:427.27,428.52 1 0
github.com/divyo-argha/git-user/internal/tui/ops.go:428.52,430.4 1 0
github.com/divyo-argha/git-user/internal/tui/ops.go:431.3,431.18 1 0
github.com/divyo-argha/git-user/internal/tui/ops.go:431.18,432.64 1 0
github.com/divyo-argha/git-user/internal/tui/ops.go:432.64,434.5 1 0
github.com/divyo-argha/git-user/internal/tui/ops.go:435.9,437.4 1 0
github.com/divyo-argha/git-user/internal/tui/ops.go:438.3,438.60 1 0
github.com/divyo-argha/git-user/internal/tui/ops.go:440.2,440.56 1 0
github.com/divyo-argha/git-user/internal/tui/ops.go:444.55,446.14 2 1
github.com/divyo-argha/git-user/internal/tui/ops.go:446.14,448.3 1 0
github.com/divyo-argha/git-user/internal/tui/ops.go:449.2,450.43 2 1
github.com/divyo-argha/git-user/internal/tui/ops.go:450.43,452.3 1 0
github.com/divyo-argha/git-user/internal/tui/ops.go:453.2,453.27 1 1
github.com/divyo-argha/git-user/internal/tui/ops.go:453.27,455.3 1 1
github.com/divyo-argha/git-user/internal/tui/ops.go:456.2,456.12 1 1
github.com/divyo-argha/git-user/internal/tui/ops.go:462.130,463.16 1 0
github.com/divyo-argha/git-user/internal/tui/ops.go:464.18,466.17 2 0
github.com/divyo-argha/git-user/internal/tui/ops.go:466.17,468.4 1 0
github.com/divyo-argha/git-user/internal/tui/ops.go:469.3,469.15 1 0
github.com/divyo-argha/git-user/internal/tui/ops.go:470.18,472.46 2 0
github.com/divyo-argha/git-user/internal/tui/ops.go:472.46,474.4 1 0
github.com/divyo-argha/git-user/internal/tui/ops.go:475.3,475.21 1 0
github.com/divyo-argha/git-user/internal/tui/ops.go:476.18,477.15 1 0
github.com/divyo-argha/git-user/internal/tui/ops.go:480.2,480.20 1 0
github.com/divyo-argha/git-user/internal/tui/ops.go:480.20,481.20 1 0
github.com/divyo-argha/git-user/internal/tui/ops.go:481.20,483.4 1 0
github.com/divyo-argha/git-user/internal/tui/ops.go:484.3,484.51 1 0
github.com/divyo-argha/git-user/internal/tui/ops.go:487.2,488.87 2 0
github.com/divyo-argha/git-user/internal/tui/ops.go:492.78,494.17 2 0
github.com/divyo-argha/git-user/internal/tui/ops.go:494.17,496.3 1 0
github.com/divyo-argha/git-user/internal/tui/ops.go:497.2,500.50 4 0
github.com/divyo-argha/git-user/internal/tui/ops.go:500.50,502.3 1 0
github.com/divyo-argha/git-user/internal/tui/ops.go:504.2,506.44 3 0
github.com/divyo-argha/git-user/internal/tui/ops.go:506.44,508.56 2 0
github.com/divyo-argha/git-user/internal/tui/ops.go:508.56,510.4 1 0
github.com/divyo-argha/git-user/internal/tui/ops.go:511.3,511.54 1 0
github.com/divyo-argha/git-user/internal/tui/ops.go:511.54,513.4 1 0
github.com/divyo-argha/git-user/internal/tui/ops.go:516.2,517.50 2 0
github.com/divyo-argha/git-user/internal/tui/ops.go:517.50,518.16 1 0
github.com/divyo-argha/git-user/internal/tui/ops.go:518.16,521.4 2 0
github.com/divyo-argha/git-user/internal/tui/ops.go:522.3,522.99 1 0
github.com/divyo-argha/git-user/internal/tui/ops.go:524.2,524.22 1 0
github.com/divyo-argha/git-user/internal/tui/ops.go:524.22,526.3 1 0
github.com/divyo-argha/git-user/internal/tui/ops.go:528.2,528.56 1 0
github.com/divyo-argha/git-user/internal/tui/ops.go:528.56,530.3 1 0
github.com/divyo-argha/git-user/internal/tui/ops.go:531.2,531.43 1 0
github.com/divyo-argha/git-user/internal/tui/ops.go:531.43,533.3 1 0
github.com/divyo-argha/git-user/internal/tui/ops.go:535.2,536.59 2 0
github.com/divyo-argha/git-user/internal/tui/ops.go:536.59,539.3 2 0
github.com/divyo-argha/git-user/internal/tui/ops.go:540.2,543.56 4 0
github.com/divyo-argha/git-user/internal/tui/ops.go:547.81,549.50 2 0
github.com/divyo-argha/git-user/internal/tui/ops.go:549.50,551.3 1 0
github.com/divyo-argha/git-user/internal/tui/ops.go:552.2,552.12 1 0
github.com/divyo-argha/git-user/internal/tui/ops.go:556.80,558.17 2 0
github.com/divyo-argha/git-user/internal/tui/ops.go:558.17,560.3 1 0
github.com/divyo-argha/git-user/internal/tui/ops.go:561.2,561.19 1 0
github.com/divyo-argha/git-user/internal/tui/ops.go:561.19,563.3 1 0
github.com/divyo-argha/git-user/internal/tui/ops.go:564.2,564.78 1 0
github.com/divyo-argha/git-user/internal/tui/ops.go:564.78,566.3 1 0
github.com/divyo-argha/git-user/internal/tui/ops.go:567.2,567.46 1 0
github.com/divyo-argha/git-user/internal/tui/ops.go:567.46,569.3 1 0
github.com/divyo-argha/git-user/internal/tui/ops.go:570.2,570.12 1 0
github.com/divyo-argha/git-user/internal/tui/ops.go:574.71,576.17 2 0
github.com/divyo-argha/git-user/internal/tui/ops.go:576.17,578.3 1 0
github.com/divyo-argha/git-user/internal/tui/ops.go:579.2,579.46 1 0
github.com/divyo-argha/git-user/internal/tui/ops.go:579.46,581.3 1 0
github.com/divyo-argha/git-user/internal/tui/ops.go:582.2,582.12 1 0
github.com/divyo-argha/git-user/internal/tui/ops.go:586.78,588.17 2 0
github.com/divyo-argha/git-user/internal/tui/ops.go:588.17,590.3 1 0
github.com/divyo-argha/git-user/internal/tui/ops.go:591.2,591.27 1 0
github.com/divyo-argha/git-user/internal/tui/ops.go:591.27,593.3 1 0
github.com/divyo-argha/git-user/internal/tui/ops.go:594.2,594.77 1 0
github.com/divyo-argha/git-user/internal/tui/ops.go:594.77,596.3 1 0
github.com/divyo-argha/git-user/internal/tui/ops.go:597.2,598.12 2 0
github.com/divyo-argha/git-user/internal/tui/ops.go:603.63,606.16 3 1
github.com/divyo-argha/git-user/internal/tui/ops.go:606.16,608.3 1 0
github.com/divyo-argha/git-user/internal/tui/ops.go:609.2,610.16 2 1
github.com/divyo-argha/git-user/internal/tui/ops.go:610.16,611.25 1 1
github.com/divyo-argha/git-user/internal/tui/ops.go:611.25,613.4 1 1
github.com/divyo-argha/git-user/internal/tui/ops.go:614.3,614.56 1 0
github.com/divyo-argha/git-user/internal/tui/ops.go:616.2,616.19 1 1
github.com/divyo-argha/git-user/internal/tui/ops.go:616.19,618.3 1 1
github.com/divyo-argha/git-user/internal/tui/ops.go:619.2,619.56 1 1
github.com/divyo-argha/git-user/internal/tui/ops.go:619.56,621.3 1 0
github.com/divyo-argha/git-user/internal/tui/ops.go:622.2,622.27 1 1
github.com/divyo-argha/git-user/internal/tui/ops.go:625.65,628.16 3 1
github.com/divyo-argha/git-user/internal/tui/ops.go:628.16,630.3 1 0
github.com/divyo-argha/git-user/internal/tui/ops.go:631.2,631.60 1 1
github.com/divyo-argha/git-user/internal/tui/ops.go:631.60,633.3 1 0
github.com/divyo-argha/git-user/internal/tui/ops.go:634.2,634.27 1 1
github.com/divyo-argha/git-user/internal/tui/ops.go:640.99,641.22 1 0
github.com/divyo-argha/git-user/internal/tui/ops.go:641.22,643.3 1 0
github.com/divyo-argha/git-user/internal/tui/ops.go:645.2,646.9 2 0
github.com/divyo-argha/git-user/internal/tui/ops.go:646.9,647.33 1 0
github.com/divyo-argha/git-user/internal/tui/ops.go:647.33,648.22 1 0
github.com/divyo-argha/git-user/internal/tui/ops.go:648.22,650.5 1 0
github.com/divyo-argha/git-user/internal/tui/ops.go:652.8,653.30 1 0
github.com/divyo-argha/git-user/internal/tui/ops.go:653.30,655.16 2 0
github.com/divyo-argha/git-user/internal/tui/ops.go:655.16,657.5 1 0
github.com/divyo-argha/git-user/internal/tui/ops.go:658.4,658.21 1 0
github.com/divyo-argha/git-user/internal/tui/ops.go:658.21,659.13 1 0
github.com/divyo-argha/git-user/internal/tui/ops.go:661.4,661.35 1 0
github.com/divyo-argha/git-user/internal/tui/ops.go:664.2,664.24 1 0
github.com/divyo-argha/git-user/internal/tui/ops.go:664.24,666.3 1 0
github.com/divyo-argha/git-user/internal/tui/ops.go:668.2,670.29 3 0
github.com/divyo-argha/git-user/internal/tui/ops.go:670.29,672.21 2 0
github.com/divyo-argha/git-user/internal/tui/ops.go:672.21,674.18 2 0
github.com/divyo-argha/git-user/internal/tui/ops.go:674.18,675.13 1 0
github.com/divyo-argha/git-user/internal/tui/ops.go:677.4,678.32 2 0
github.com/divyo-argha/git-user/internal/tui/ops.go:678.32,680.13 2 0
github.com/divyo-argha/git-user/internal/tui/ops.go:682.4,683.52 2 0
github.com/divyo-argha/git-user/internal/tui/ops.go:685.3,685.38 1 0
github.com/divyo-argha/git-user/internal/tui/ops.go:688.2,689.16 2 0
github.com/divyo-argha/git-user/internal/tui/ops.go:689.16,691.3 1 0
github.com/divyo-argha/git-user/internal/tui/ops.go:693.2,697.6 5 0
github.com/divyo-argha/git-user/internal/tui/ops.go:697.6,698.53 1 0
github.com/divyo-argha/git-user/internal/tui/ops.go:698.53,699.9 1 0
github.com/divyo-argha/git-user/internal/tui/ops.go:701.3,702.12 2 0
github.com/divyo-argha/git-user/internal/tui/ops.go:704.2,704.63 1 0
github.com/divyo-argha/git-user/internal/tui/ops.go:704.63,706.3 1 0
github.com/divyo-argha/git-user/internal/tui/ops.go:708.2,709.32 2 0
github.com/divyo-argha/git-user/internal/tui/ops.go:709.32,711.3 1 0
github.com/divyo-argha/git-user/internal/tui/ops.go:712.2,712.27 1 0
github.com/divyo-argha/git-user/internal/tui/ops.go:712.27,714.3 1 0
github.com/divyo-argha/git-user/internal/tui/ops.go:715.2,716.56 2 0
github.com/divyo-argha/git-user/internal/tui/ops.go:721.97,724.16 3 0
github.com/divyo-argha/git-user/internal/tui/ops.go:724.16,726.3 1 0
github.com/divyo-argha/git-user/internal/tui/ops.go:727.2,728.16 2 0
github.com/divyo-argha/git-user/internal/tui/ops.go:728.16,730.3 1 0
github.com/divyo-argha/git-user/internal/tui/ops.go:732.2,734.50 3 0
github.com/divyo-argha/git-user/internal/tui/ops.go:734.50,736.3 1 0
github.com/divyo-argha/git-user/internal/tui/ops.go:738.2,741.32 4 0
github.com/divyo-argha/git-user/internal/tui/ops.go:741.32,743.33 2 0
github.com/divyo-argha/git-user/internal/tui/ops.go:743.33,745.4 1 0
github.com/divyo-argha/git-user/internal/tui/ops.go:745.9,745.42 1 0
github.com/divyo-argha/git-user/internal/tui/ops.go:745.42,747.4 1 0
github.com/divyo-argha/git-user/internal/tui/ops.go:748.3,748.24 1 0
github.com/divyo-argha/git-user/internal/tui/ops.go:748.24,749.13 1 0
github.com/divyo-argha/git-user/internal/tui/ops.go:749.13,750.35 1 0
github.com/divyo-argha/git-user/internal/tui/ops.go:750.35,752.6 1 0
github.com/divyo-argha/git-user/internal/tui/ops.go:753.5,753.37 1 0
github.com/divyo-argha/git-user/internal/tui/ops.go:753.37,754.36 1 0
github.com/divyo-argha/git-user/internal/tui/ops.go:754.36,755.30 1 0
github.com/divyo-argha/git-user/internal/tui/ops.go:755.30,757.13 2 0
github.com/divyo-argha/git-user/internal/tui/ops.go:761.10,764.13 3 0
github.com/divyo-argha/git-user/internal/tui/ops.go:767.3,767.58 1 0
github.com/divyo-argha/git-user/internal/tui/ops.go:767.58,769.12 2 0
github.com/divyo-argha/git-user/internal/tui/ops.go:771.3,771.29 1 0
github.com/divyo-argha/git-user/internal/tui/ops.go:771.29,773.69 2 0
github.com/divyo-argha/git-user/internal/tui/ops.go:773.69,775.13 2 0
github.com/divyo-argha/git-user/internal/tui/ops.go:777.4,777.29 1 0
github.com/divyo-argha/git-user/internal/tui/ops.go:777.29,779.5 1 0
github.com/divyo-argha/git-user/internal/tui/ops.go:780.4,780.42 1 0
github.com/divyo-argha/git-user/internal/tui/ops.go:782.3,782.13 1 0
github.com/divyo-argha/git-user/internal/tui/ops.go:784.2,784.43 1 0
github.com/divyo-argha/git-user/internal/tui/ops.go:784.43,786.3 1 0
github.com/divyo-argha/git-user/internal/tui/ops.go:788.2,789.17 2 0
github.com/divyo-argha/git-user/internal/tui/ops.go:789.17,791.3 1 0
github.com/divyo-argha/git-user/internal/tui/ops.go:792.2,792.56 1 0
github.com/divyo-argha/git-user/internal/tui/ops.go:796.82,797.32 1 0
github.com/divyo-argha/git-user/internal/tui/ops.go:797.32,798.29 1 0
github.com/divyo-argha/git-user/internal/tui/ops.go:798.29,800.4 1 0
github.com/divyo-argha/git-user/internal/tui/ops.go:802.2,802.33 1 0
github.com/divyo-argha/git-user/internal/tui/ops.go:802.33,804.3 1 0
github.com/divyo-argha/git-user/internal/tui/ops.go:806.2,807.27 2 0
github.com/divyo-argha/git-user/internal/tui/ops.go:807.27,811.3 3 0
github.com/divyo-argha/git-user/internal/tui/ops.go:811.8,815.3 3 0
github.com/divyo-argha/git-user/internal/tui/ops.go:817.2,817.16 1 0
github.com/divyo-argha/git-user/internal/tui/ops.go:817.16,819.17 2 0
github.com/divyo-argha/git-user/internal/tui/ops.go:819.17,821.4 1 0
github.com/divyo-argha/git-user/internal/tui/ops.go:823.2,823.17 1 0
github.com/divyo-argha/git-user/internal/tui/ops.go:823.17,825.3 1 0
github.com/divyo-argha/git-user/internal/tui/ops.go:826.2,826.17 1 0
github.com/divyo-argha/git-user/internal/tui/ops.go:826.17,828.3 1 0
github.com/divyo-argha/git-user/internal/tui/ops.go:830.2,840.43 5 0
github.com/divyo-argha/git-user/internal/tui/ops.go:840.43,842.3 1 0
github.com/divyo-argha/git-user/internal/tui/ops.go:844.2,846.18 3 0
github.com/divyo-argha/git-user/internal/tui/ops.go:846.18,848.3 1 0
github.com/divyo-argha/git-user/internal/tui/ops.go:849.2,849.22 1 0
github.com/divyo-argha/git-user/internal/tui/ops.go:849.22,851.3 1 0
github.com/divyo-argha/git-user/internal/tui/ops.go:852.2,853.56 2 0
github.com/divyo-argha/git-user/internal/tui/ops.go:856.50,858.26 2 0
github.com/divyo-argha/git-user/internal/tui/ops.go:858.26,859.36 1 0
github.com/divyo-argha/git-user/internal/tui/ops.go:859.36,861.4 1 0
github.com/divyo-argha/git-user/internal/tui/ops.go:863.2,863.11 1 0
github.com/divyo-argha/git-user/internal/tui/ops.go:869.67,871.17 2 1
github.com/divyo-argha/git-user/internal/tui/ops.go:871.17,873.3 1 1
github.com/divyo-argha/git-user/internal/tui/ops.go:874.2,874.27 1 0
github.com/divyo-argha/git-user/internal/tui/ops.go:874.27,876.3 1 0
github.com/divyo-argha/git-user/internal/tui/ops.go:877.2,877.23 1 0
github.com/divyo-argha/git-user/internal/tui/ops.go:877.23,879.3 1 0
github.com/divyo-argha/git-user/internal/tui/ops.go:880.2,882.16 3 0
github.com/divyo-argha/git-user/internal/tui/ops.go:882.16,884.3 1 0
github.com/divyo-argha/git-user/internal/tui/ops.go:885.2,887.83 3 0
github.com/divyo-argha/git-user/internal/tui/ops.go:887.83,889.3 1 0
github.com/divyo-argha/git-user/internal/tui/ops.go:890.2,896.56 7 0
github.com/divyo-argha/git-user/internal/tui/ops.go:900.69,902.17 2 0
github.com/divyo-argha/git-user/internal/tui/ops.go:902.17,904.3 1 0
github.com/divyo-argha/git-user/internal/tui/ops.go:905.2,905.23 1 0
github.com/divyo-argha/git-user/internal/tui/ops.go:905.23,907.3 1 0
github.com/divyo-argha/git-user/internal/tui/ops.go:908.2,910.8 3 0
github.com/divyo-argha/git-user/internal/tui/ops.go:910.8,912.3 1 0
github.com/divyo-argha/git-user/internal/tui/ops.go:912.8,915.3 2 0
github.com/divyo-argha/git-user/internal/tui/ops.go:916.2,916.38 1 0
github.com/divyo-argha/git-user/internal/tui/ops.go:916.38,918.3 1 0
github.com/divyo-argha/git-user/internal/tui/ops.go:919.2,919.56 1 0
github.com/divyo-argha/git-user/internal/tui/ops.go:923.64,932.30 2 0
github.com/divyo-argha/git-user/internal/tui/ops.go:932.30,934.20 2 0
github.com/divyo-argha/git-user/internal/tui/ops.go:934.20,936.4 1 0
github.com/divyo-argha/git-user/internal/tui/ops.go:937.3,939.20 3 0
github.com/divyo-argha/git-user/internal/tui/ops.go:939.20,941.4 1 0
github.com/divyo-argha/git-user/internal/tui/ops.go:942.3,944.36 3 0
github.com/divyo-argha/git-user/internal/tui/ops.go:944.36,945.37 1 0
github.com/divyo-argha/git-user/internal/tui/ops.go:945.37,947.5 1 0
github.com/divyo-argha/git-user/internal/tui/ops.go:950.2,950.159 1 0
github.com/divyo-argha/git-user/internal/tui/ops.go:954.38,955.24 1 0
github.com/divyo-argha/git-user/internal/tui/ops.go:955.24,957.3 1 0
github.com/divyo-argha/git-user/internal/tui/ops.go:958.2,958.21 1 0
github.com/divyo-argha/git-user/internal/tui/ops.go:958.21,960.3 1 0
github.com/divyo-argha/git-user/internal/tui/ops.go:961.2,962.37 2 0
github.com/divyo-argha/git-user/internal/tui/ops.go:962.37,964.3 1 0
github.com/divyo-argha/git-user/internal/tui/ops.go:965.2,967.33 3 0
github.com/divyo-argha/git-user/internal/tui/ops.go:967.33,969.17 2 0
github.com/divyo-argha/git-user/internal/tui/ops.go:969.17,970.12 1 0
github.com/divyo-argha/git-user/internal/tui/ops.go:972.3,972.42 1 0
github.com/divyo-argha/git-user/internal/tui/ops.go:972.42,973.12 1 0
github.com/divyo-argha/git-user/internal/tui/ops.go:975.3,976.10 2 0
github.com/divyo-argha/git-user/internal/tui/ops.go:976.10,978.12 2 0
github.com/divyo-argha/git-user/internal/tui/ops.go:980.3,980.58 1 0
github.com/divyo-argha/git-user/internal/tui/ops.go:980.58,982.12 2 0
github.com/divyo-argha/git-user/internal/tui/ops.go:984.3,985.14 2 0
github.com/divyo-argha/git-user/internal/tui/ops.go:987.2,987.20 1 0
github.com/divyo-argha/git-user/internal/tui/ops.go:987.20,989.3 1 0
github.com/divyo-argha/git-user/internal/tui/ops.go:989.8,991.3 1 0
github.com/divyo-argha/git-user/internal/tui/ops.go:992.2,992.56 1 0
github.com/divyo-argha/git-user/internal/tui/ops.go:996.56,1000.50 4 0
github.com/divyo-argha/git-user/internal/tui/ops.go:1000.50,1002.19 2 0
github.com/divyo-argha/git-user/internal/tui/ops.go:1002.19,1005.4 2 0
github.com/divyo-argha/git-user/internal/tui/ops.go:1005.9,1007.4 1 0
github.com/divyo-argha/git-user/internal/tui/ops.go:1009.2,1009.35 1 0
github.com/divyo-argha/git-user/internal/tui/ops.go:1009.35,1011.24 2 0
github.com/divyo-argha/git-user/internal/tui/ops.go:1011.24,1014.12 3 0
github.com/divyo-argha/git-user/internal/tui/ops.go:1016.3,1017.17 2 0
github.com/divyo-argha/git-user/internal/tui/ops.go:1017.17,1020.12 3 0
github.com/divyo-argha/git-user/internal/tui/ops.go:1022.3,1023.19 2 0
github.com/divyo-argha/git-user/internal/tui/ops.go:1023.19,1026.4 2 0
github.com/divyo-argha/git-user/internal/tui/ops.go:1026.9,1028.4 1 0
github.com/divyo-argha/git-user/internal/tui/ops.go:1029.3,1030.17 2 0
github.com/divyo-argha/git-user/internal/tui/ops.go:1030.17,1033.4 2 0
github.com/divyo-argha/git-user/internal/tui/ops.go:1033.9,1033.23 1 0
github.com/divyo-argha/git-user/internal/tui/ops.go:1033.23,1035.4 1 0
github.com/divyo-argha/git-user/internal/tui/ops.go:1035.9,1038.4 2 0
github.com/divyo-argha/git-user/internal/tui/ops.go:1040.2,1041.17 2 0
github.com/divyo-argha/git-user/internal/tui/ops.go:1041.17,1043.3 1 0
github.com/divyo-argha/git-user/internal/tui/ops.go:1043.8,1045.3 1 0
github.com/divyo-argha/git-user/internal/tui/ops.go:1046.2,1046.56 1 0
github.com/divyo-argha/git-user/internal/tui/ops.go:1050.54,1054.40 4 0
github.com/divyo-argha/git-user/internal/tui/ops.go:1054.40,1057.3 2 0
github.com/divyo-argha/git-user/internal/tui/ops.go:1057.8,1059.3 1 0
github.com/divyo-argha/git-user/internal/tui/ops.go:1060.2,1060.40 1 0
github.com/divyo-argha/git-user/internal/tui/ops.go:1060.40,1063.53 3 0
github.com/divyo-argha/git-user/internal/tui/ops.go:1063.53,1066.4 2 0
github.com/divyo-argha/git-user/internal/tui/ops.go:1066.9,1068.4 1 0
github.com/divyo-argha/git-user/internal/tui/ops.go:1069.3,1069.24 1 0
github.com/divyo-argha/git-user/internal/tui/ops.go:1069.24,1070.53 1 0
github.com/divyo-argha/git-user/internal/tui/ops.go:1070.53,1073.5 2 0
github.com/divyo-argha/git-user/internal/tui/ops.go:1073.10,1076.5 2 0
github.com/divyo-argha/git-user/internal/tui/ops.go:1077.9,1080.4 2 0
github.com/divyo-argha/git-user/internal/tui/ops.go:1082.2,1082.23 1 0
github.com/divyo-argha/git-user/internal/tui/ops.go:1082.23,1084.3 1 0
github.com/divyo-argha/git-user/internal/tui/ops.go:1084.8,1087.3 2 0
github.com/divyo-argha/git-user/internal/tui/ops.go:1088.2,1088.55 1 0
github.com/divyo-argha/git-user/internal/tui/ops.go:1088.55,1091.3 2 0
github.com/divyo-argha/git-user/internal/tui/ops.go:1091.8,1093.3 1 0
github.com/divyo-argha/git-user/internal/tui/ops.go:1094.2,1095.73 2 0
github.com/divyo-argha/git-user/internal/tui/ops.go:1095.73,1096.29 1 0
github.com/divyo-argha/git-user/internal/tui/ops.go:1096.29,1097.46 1 0
github.com/divyo-argha/git-user/internal/tui/ops.go:1097.46,1099.5 1 0
github.com/divyo-argha/git-user/internal/tui/ops.go:1102.2,1103.17 2 0
github.com/divyo-argha/git-user/internal/tui/ops.go:1103.17,1105.3 1 0
github.com/divyo-argha/git-user/internal/tui/ops.go:1105.8,1107.3 1 0
github.com/divyo-argha/git-user/internal/tui/ops.go:1108.2,1108.56 1 0
github.com/divyo-argha/git-user/internal/tui/ops.go:1116.72,1118.17 2 0
github.com/divyo-argha/git-user/internal/tui/ops.go:1118.17,1120.3 1 0
github.com/divyo-argha/git-user/internal/tui/ops.go:1121.2,1121.23 1 0
github.com/divyo-argha/git-user/internal/tui/ops.go:1121.23,1123.3 1 0
github.com/divyo-argha/git-user/internal/tui/ops.go:1124.2,1125.51 2 0
github.com/divyo-argha/git-user/internal/tui/ops.go:1125.51,1127.3 1 0
github.com/divyo-argha/git-user/internal/tui/ops.go:1129.2,1129.18 1 0
github.com/divyo-argha/git-user/internal/tui/ops.go:1130.16,1131.48 1 0
github.com/divyo-argha/git-user/internal/tui/ops.go:1131.48,1132.57 1 0
github.com/divyo-argha/git-user/internal/tui/ops.go:1132.57,1134.56 2 0
github.com/divyo-argha/git-user/internal/tui/ops.go:1134.56,1136.6 1 0
github.com/divyo-argha/git-user/internal/tui/ops.go:1136.11,1138.6 1 0
github.com/divyo-argha/git-user/internal/tui/ops.go:1141.3,1141.40 1 0
github.com/divyo-argha/git-user/internal/tui/ops.go:1142.16,1143.50 1 0
github.com/divyo-argha/git-user/internal/tui/ops.go:1143.50,1144.59 1 0
github.com/divyo-argha/git-user/internal/tui/ops.go:1144.59,1146.56 2 0
github.com/divyo-argha/git-user/internal/tui/ops.go:1146.56,1148.6 1 0
github.com/divyo-argha/git-user/internal/tui/ops.go:1148.11,1150.6 1 0
github.com/divyo-argha/git-user/internal/tui/ops.go:1153.3,1153.40 1 0
github.com/divyo-argha/git-user/internal/tui/ops.go:1154.19,1155.40 1 0
github.com/divyo-argha/git-user/internal/tui/ops.go:1157.2,1157.55 1 0
github.com/divyo-argha/git-user/internal/tui/ops.go:1162.108,1164.17 2 0
github.com/divyo-argha/git-user/internal/tui/ops.go:1164.17,1166.3 1 0
github.com/divyo-argha/git-user/internal/tui/ops.go:1167.2,1167.23 1 0
github.com/divyo-argha/git-user/internal/tui/ops.go:1167.23,1169.3 1 0
github.com/divyo-argha/git-user/internal/tui/ops.go:1170.2,1172.16 3 0
github.com/divyo-argha/git-user/internal/tui/ops.go:1172.16,1174.3 1 0
github.com/divyo-argha/git-user/internal/tui/ops.go:1175.2,1177.18 2 0
github.com/divyo-argha/git-user/internal/tui/ops.go:1178.16,1179.54 1 0
github.com/divyo-argha/git-user/internal/tui/ops.go:1180.16,1181.54 1 0
github.com/divyo-argha/git-user/internal/tui/ops.go:1182.19,1183.67 1 0
github.com/divyo-argha/git-user/internal/tui/ops.go:1185.2,1185.55 1 0
github.com/divyo-argha/git-user/internal/tui/ops.go:1188.73,1194.16 3 0
github.com/divyo-argha/git-user/internal/tui/ops.go:1194.16,1196.3 1 0
github.com/divyo-argha/git-user/internal/tui/ops.go:1197.2,1202.16 6 0
github.com/divyo-argha/git-user/internal/tui/ops.go:1202.16,1204.3 1 0
github.com/divyo-argha/git-user/internal/tui/ops.go:1205.2,1206.43 2 0
github.com/divyo-argha/git-user/internal/tui/ops.go:1206.43,1208.3 1 0
github.com/divyo-argha/git-user/internal/tui/ops.go:1209.2,1210.107 2 0
github.com/divyo-argha/git-user/internal/tui/ops.go:1210.107,1212.3 1 0
github.com/divyo-argha/git-user/internal/tui/ops.go:1213.2,1213.108 1 0
github.com/divyo-argha/git-user/internal/tui/ops.go:1216.73,1218.45 2 0
github.com/divyo-argha/git-user/internal/tui/ops.go:1218.45,1219.28 1 0
github.com/divyo-argha/git-user/internal/tui/ops.go:1219.28,1220.56 1 0
github.com/divyo-argha/git-user/internal/tui/ops.go:1220.56,1221.44 1 0
github.com/divyo-argha/git-user/internal/tui/ops.go:1221.44,1223.11 2 0
github.com/divyo-argha/git-user/internal/tui/ops.go:1228.2,1234.16 4 0
github.com/divyo-argha/git-user/internal/tui/ops.go:1234.16,1236.3 1 0
github.com/divyo-argha/git-user/internal/tui/ops.go:1237.2,1240.16 4 0
github.com/divyo-argha/git-user/internal/tui/ops.go:1240.16,1242.3 1 0
github.com/divyo-argha/git-user/internal/tui/ops.go:1243.2,1244.43 2 0
github.com/divyo-argha/git-user/internal/tui/ops.go:1244.43,1246.3 1 0
github.com/divyo-argha/git-user/internal/tui/ops.go:1247.2,1248.106 2 0
github.com/divyo-argha/git-user/internal/tui/ops.go:1248.106,1250.3 1 0
github.com/divyo-argha/git-user/internal/tui/ops.go:1251.2,1251.108 1 0
github.com/divyo-argha/git-user/internal/tui/ops.go:1254.42,1256.40 2 0
github.com/divyo-argha/git-user/internal/tui/ops.go:1256.40,1258.3 1 0
github.com/divyo-argha/git-user/internal/tui/ops.go:1259.2,1261.32 3 0
github.com/divyo-argha/git-user/internal/tui/ops.go:1261.32,1263.22 2 0
github.com/divyo-argha/git-user/internal/tui/ops.go:1263.22,1266.4 2 0
github.com/divyo-argha/git-user/internal/tui/ops.go:1268.2,1269.17 2 0
github.com/divyo-argha/git-user/internal/tui/ops.go:1272.92,1279.16 4 0
github.com/divyo-argha/git-user/internal/tui/ops.go:1279.16,1281.3 1 0
github.com/divyo-argha/git-user/internal/tui/ops.go:1282.2,1285.16 4 0
github.com/divyo-argha/git-user/internal/tui/ops.go:1285.16,1287.3 1 0
github.com/divyo-argha/git-user/internal/tui/ops.go:1288.2,1289.43 2 0
github.com/divyo-argha/git-user/internal/tui/ops.go:1289.43,1291.3 1 0
github.com/divyo-argha/git-user/internal/tui/ops.go:1292.2,1293.106 2 0
github.com/divyo-argha/git-user/internal/tui/ops.go:1293.106,1295.3 1 0
github.com/divyo-argha/git-user/internal/tui/ops.go:1296.2,1296.108 1 0
github.com/divyo-argha/git-user/internal/tui/run.go:13.87,21.23 4 0
github.com/divyo-argha/git-user/internal/tui/run.go:21.23,22.55 1 0
github.com/divyo-argha/git-user/internal/tui/run.go:22.55,26.4 1 0
github.com/divyo-argha/git-user/internal/tui/run.go:29.2,32.16 3 0
github.com/divyo-argha/git-user/internal/tui/run.go:32.16,34.3 1 0
github.com/divyo-argha/git-user/internal/tui/run.go:36.2,37.41 2 0
github.com/divyo-argha/git-user/internal/tui/run.go:37.41,39.3 1 0
github.com/divyo-argha/git-user/internal/tui/run.go:41.2,42.21 2 0
github.com/divyo-argha/git-user/internal/cli/bind.go:14.35,18.33 3 1
github.com/divyo-argha/git-user/internal/cli/bind.go:18.33,19.18 1 1
github.com/divyo-argha/git-user/internal/cli/bind.go:20.20,21.23 1 1
github.com/divyo-argha/git-user/internal/cli/bind.go:21.23,24.5 2 1
github.com/divyo-argha/git-user/internal/cli/bind.go:25.20,26.17 1 1
github.com/divyo-argha/git-user/internal/cli/bind.go:27.11,28.18 1 1
github.com/divyo-argha/git-user/internal/cli/bind.go:32.2,32.16 1 1
github.com/divyo-argha/git-user/internal/cli/bind.go:32.16,35.3 2 1
github.com/divyo-argha/git-user/internal/cli/bind.go:37.2,38.16 2 1
github.com/divyo-argha/git-user/internal/cli/bind.go:38.16,41.3 2 0
github.com/divyo-argha/git-user/internal/cli/bind.go:43.2,44.17 2 1
github.com/divyo-argha/git-user/internal/cli/bind.go:44.17,47.3 2 1
github.com/divyo-argha/git-user/internal/cli/bind.go:49.2,49.22 1 1
github.com/divyo-argha/git-user/internal/cli/bind.go:49.22,51.3 1 1
github.com/divyo-argha/git-user/internal/cli/bind.go:53.2,54.53 2 1
github.com/divyo-argha/git-user/internal/cli/bind.go:54.53,57.3 2 1
github.com/divyo-argha/git-user/internal/cli/bind.go:59.2,61.57 2 1
github.com/divyo-argha/git-user/internal/cli/bind.go:61.57,64.3 2 0
github.com/divyo-argha/git-user/internal/cli/bind.go:66.2,66.13 1 1
github.com/divyo-argha/git-user/internal/cli/bind.go:66.13,67.68 1 1
github.com/divyo-argha/git-user/internal/cli/bind.go:67.68,69.4 1 0
github.com/divyo-argha/git-user/internal/cli/bind.go:70.8,72.3 1 1
github.com/divyo-argha/git-user/internal/cli/bind.go:74.2,74.43 1 1
github.com/divyo-argha/git-user/internal/cli/bind.go:74.43,77.3 2 0
github.com/divyo-argha/git-user/internal/cli/bind.go:79.2,81.27 2 1
github.com/divyo-argha/git-user/internal/cli/bind.go:81.27,83.52 2 1
github.com/divyo-argha/git-user/internal/cli/bind.go:83.52,85.4 1 0
github.com/divyo-argha/git-user/internal/cli/bind.go:85.9,87.4 1 1
github.com/divyo-argha/git-user/internal/cli/bind.go:88.3,88.14 1 1
github.com/divyo-argha/git-user/internal/cli/bind.go:88.14,89.64 1 1
github.com/divyo-argha/git-user/internal/cli/bind.go:89.64,91.5 1 0
github.com/divyo-argha/git-user/internal/cli/bind.go:91.10,93.5 1 1
github.com/divyo-argha/git-user/internal/cli/bind.go:94.9,96.4 1 0
github.com/divyo-argha/git-user/internal/cli/bind.go:99.2,99.12 1 1
github.com/divyo-argha/git-user/internal/cli/bind.go:102.86,111.28 4 1
github.com/divyo-argha/git-user/internal/cli/bind.go:111.28,114.3 2 1
github.com/divyo-argha/git-user/internal/cli/bind.go:116.2,118.13 2 1
github.com/divyo-argha/git-user/internal/cli/bind.go:119.9,124.51 4 0
github.com/divyo-argha/git-user/internal/cli/bind.go:124.51,127.4 2 0
github.com/divyo-argha/git-user/internal/cli/bind.go:129.3,129.45 1 0
github.com/divyo-argha/git-user/internal/cli/bind.go:129.45,132.4 2 0
github.com/divyo-argha/git-user/internal/cli/bind.go:132.9,139.36 7 0
github.com/divyo-argha/git-user/internal/cli/bind.go:139.36,142.5 2 0
github.com/divyo-argha/git-user/internal/cli/bind.go:144.4,148.18 4 0
github.com/divyo-argha/git-user/internal/cli/bind.go:148.18,159.5 10 0
github.com/divyo-argha/git-user/internal/cli/bind.go:162.9,164.17 2 1
github.com/divyo-argha/git-user/internal/cli/bind.go:164.17,166.4 1 0
github.com/divyo-argha/git-user/internal/cli/bind.go:167.3,167.20 1 1
github.com/divyo-argha/git-user/internal/cli/bind.go:167.20,170.4 2 0
github.com/divyo-argha/git-user/internal/cli/bind.go:171.3,172.46 2 1
github.com/divyo-argha/git-user/internal/cli/bind.go:172.46,175.4 2 0
github.com/divyo-argha/git-user/internal/cli/bind.go:176.3,177.35 2 1
github.com/divyo-argha/git-user/internal/cli/bind.go:180.2,180.22 1 1
github.com/divyo-argha/git-user/internal/cli/bind.go:180.22,183.3 2 0
github.com/divyo-argha/git-user/internal/cli/bind.go:185.2,187.59 2 1
github.com/divyo-argha/git-user/internal/cli/bind.go:187.59,190.3 2 0
github.com/divyo-argha/git-user/internal/cli/bind.go:192.2,192.13 1 1
github.com/divyo-argha/git-user/internal/cli/bind.go:192.13,193.70 1 1
github.com/divyo-argha/git-user/internal/cli/bind.go:193.70,195.4 1 0
github.com/divyo-argha/git-user/internal/cli/bind.go:196.8,198.3 1 0
github.com/divyo-argha/git-user/internal/cli/bind.go:200.2,200.43 1 1
github.com/divyo-argha/git-user/internal/cli/bind.go:200.43,203.3 2 0
github.com/divyo-argha/git-user/internal/cli/bind.go:205.2,208.13 4 1
github.com/divyo-argha/git-user/internal/cli/bind.go:208.13,210.3 1 1
github.com/divyo-argha/git-user/internal/cli/bind.go:210.8,212.3 1 0
github.com/divyo-argha/git-user/internal/cli/bind.go:213.2,216.63 3 1
github.com/divyo-argha/git-user/internal/cli/bind.go:216.63,220.3 3 0
github.com/divyo-argha/git-user/internal/cli/bind.go:220.8,222.3 1 1
github.com/divyo-argha/git-user/internal/cli/bind.go:224.2,224.12 1 1
github.com/divyo-argha/git-user/internal/cli/bindpath.go:12.39,13.19 1 1
github.com/divyo-argha/git-user/internal/cli/bindpath.go:13.19,16.3 2 1
github.com/divyo-argha/git-user/internal/cli/bindpath.go:18.2,22.16 4 1
github.com/divyo-argha/git-user/internal/cli/bindpath.go:22.16,25.3 2 0
github.com/divyo-argha/git-user/internal/cli/bindpath.go:27.2,28.17 2 1
github.com/divyo-argha/git-user/internal/cli/bindpath.go:28.17,31.3 2 1
github.com/divyo-argha/git-user/internal/cli/bindpath.go:34.2,36.16 3 1
github.com/divyo-argha/git-user/internal/cli/bindpath.go:36.16,39.3 2 0
github.com/divyo-argha/git-user/internal/cli/bindpath.go:42.2,43.16 2 1
github.com/divyo-argha/git-user/internal/cli/bindpath.go:43.16,44.25 1 1
github.com/divyo-argha/git-user/internal/cli/bindpath.go:44.25,47.4 2 1
github.com/divyo-argha/git-user/internal/cli/bindpath.go:48.3,49.13 2 0
github.com/divyo-argha/git-user/internal/cli/bindpath.go:51.2,51.19 1 1
github.com/divyo-argha/git-user/internal/cli/bindpath.go:51.19,54.3 2 1
github.com/divyo-argha/git-user/internal/cli/bindpath.go:56.2,56.56 1 1
github.com/divyo-argha/git-user/internal/cli/bindpath.go:56.56,59.3 2 0
github.com/divyo-argha/git-user/internal/cli/bindpath.go:61.2,61.43 1 1
github.com/divyo-argha/git-user/internal/cli/bindpath.go:61.43,64.3 2 0
github.com/divyo-argha/git-user/internal/cli/bindpath.go:66.2,67.12 2 1
github.com/divyo-argha/git-user/internal/cli/bindpath.go:70.41,71.19 1 1
github.com/divyo-argha/git-user/internal/cli/bindpath.go:71.19,74.3 2 0
github.com/divyo-argha/git-user/internal/cli/bindpath.go:76.2,80.16 4 1
github.com/divyo-argha/git-user/internal/cli/bindpath.go:80.16,83.3 2 0
github.com/divyo-argha/git-user/internal/cli/bindpath.go:85.2,86.17 2 1
github.com/divyo-argha/git-user/internal/cli/bindpath.go:86.17,89.3 2 0
github.com/divyo-argha/git-user/internal/cli/bindpath.go:92.2,94.16 3 1
github.com/divyo-argha/git-user/internal/cli/bindpath.go:94.16,97.3 2 0
github.com/divyo-argha/git-user/internal/cli/bindpath.go:99.2,99.60 1 1
github.com/divyo-argha/git-user/internal/cli/bindpath.go:99.60,102.3 2 0
github.com/divyo-argha/git-user/internal/cli/bindpath.go:104.2,104.43 1 1
github.com/divyo-argha/git-user/internal/cli/bindpath.go:104.43,107.3 2 0
github.com/divyo-argha/git-user/internal/cli/bindpath.go:109.2,110.12 2 1
github.com/divyo-argha/git-user/internal/cli/clone.go:14.36,22.33 6 1
github.com/divyo-argha/git-user/internal/cli/clone.go:22.33,24.35 2 1
github.com/divyo-argha/git-user/internal/cli/clone.go:24.35,25.23 1 1
github.com/divyo-argha/git-user/internal/cli/clone.go:25.23,28.5 2 1
github.com/divyo-argha/git-user/internal/cli/clone.go:28.10,31.5 2 0
github.com/divyo-argha/git-user/internal/cli/clone.go:32.9,32.44 1 1
github.com/divyo-argha/git-user/internal/cli/clone.go:32.44,34.4 1 0
github.com/divyo-argha/git-user/internal/cli/clone.go:34.9,36.4 1 1
github.com/divyo-argha/git-user/internal/cli/clone.go:39.2,39.23 1 1
github.com/divyo-argha/git-user/internal/cli/clone.go:39.23,42.3 2 1
github.com/divyo-argha/git-user/internal/cli/clone.go:44.2,45.23 2 1
github.com/divyo-argha/git-user/internal/cli/clone.go:45.23,47.3 1 1
github.com/divyo-argha/git-user/internal/cli/clone.go:50.2,50.19 1 1
github.com/divyo-argha/git-user/internal/cli/clone.go:50.19,52.3 1 1
github.com/divyo-argha/git-user/internal/cli/clone.go:54.2,55.16 2 1
github.com/divyo-argha/git-user/internal/cli/clone.go:55.16,58.3 2 0
github.com/divyo-argha/git-user/internal/cli/clone.go:60.2,60.27 1 1
github.com/divyo-argha/git-user/internal/cli/clone.go:60.27,63.3 2 1
github.com/divyo-argha/git-user/internal/cli/clone.go:65.2,66.22 2 1
github.com/divyo-argha/git-user/internal/cli/clone.go:66.22,68.24 2 1
github.com/divyo-argha/git-user/internal/cli/clone.go:68.24,71.4 2 0
github.com/divyo-argha/git-user/internal/cli/clone.go:72.8,73.17 1 0
github.com/divyo-argha/git-user/internal/cli/clone.go:73.17,75.34 2 0
github.com/divyo-argha/git-user/internal/cli/clone.go:75.34,77.5 1 0
github.com/divyo-argha/git-user/internal/cli/clone.go:78.4,81.18 3 0
github.com/divyo-argha/git-user/internal/cli/clone.go:81.18,83.5 1 0
github.com/divyo-argha/git-user/internal/cli/clone.go:84.4,84.29 1 0
github.com/divyo-argha/git-user/internal/cli/clone.go:84.29,87.5 2 0
github.com/divyo-argha/git-user/internal/cli/clone.go:88.4,88.34 1 0
github.com/divyo-argha/git-user/internal/cli/clone.go:89.9,91.27 1 0
github.com/divyo-argha/git-user/internal/cli/clone.go:91.27,93.5 1 0
github.com/divyo-argha/git-user/internal/cli/clone.go:94.4,94.25 1 0
github.com/divyo-argha/git-user/internal/cli/clone.go:94.25,96.5 1 0
github.com/divyo-argha/git-user/internal/cli/clone.go:100.2,104.23 3 1
github.com/divyo-argha/git-user/internal/cli/clone.go:104.23,106.3 1 1
github.com/divyo-argha/git-user/internal/cli/clone.go:108.2,113.34 5 1
github.com/divyo-argha/git-user/internal/cli/clone.go:113.34,116.3 2 0
github.com/divyo-argha/git-user/internal/cli/clone.go:119.2,120.16 2 1
github.com/divyo-argha/git-user/internal/cli/clone.go:120.16,123.3 2 0
github.com/divyo-argha/git-user/internal/cli/clone.go:126.2,126.64 1 1
github.com/divyo-argha/git-user/internal/cli/clone.go:126.64,128.3 1 0
github.com/divyo-argha/git-user/internal/cli/clone.go:128.8,130.3 1 1
github.com/divyo-argha/git-user/internal/cli/clone.go:133.2,133.14 1 1
github.com/divyo-argha/git-user/internal/cli/clone.go:133.14,134.72 1 0
github.com/divyo-argha/git-user/internal/cli/clone.go:134.72,136.4 1 0
github.com/divyo-argha/git-user/internal/cli/clone.go:136.9,137.45 1 0
github.com/divyo-argha/git-user/internal/cli/clone.go:137.45,139.5 1 0
github.com/divyo-argha/git-user/internal/cli/clone.go:139.10,141.5 1 0
github.com/divyo-argha/git-user/internal/cli/clone.go:145.2,145.12 1 1
github.com/divyo-argha/git-user/internal/cli/clone.go:149.44,153.20 4 1
github.com/divyo-argha/git-user/internal/cli/clone.go:153.20,158.3 3 1
github.com/divyo-argha/git-user/internal/cli/clone.go:159.2,159.21 1 0
github.com/divyo-argha/git-user/internal/cli/clone.go:163.64,169.20 2 1
github.com/divyo-argha/git-user/internal/cli/clone.go:169.20,172.3 2 0
github.com/divyo-argha/git-user/internal/cli/clone.go:174.2,174.40 1 1
github.com/divyo-argha/git-user/internal/cli/clone.go:174.40,175.28 1 0
github.com/divyo-argha/git-user/internal/cli/clone.go:175.28,177.4 1 0
github.com/divyo-argha/git-user/internal/cli/clone.go:178.3,179.87 2 0
github.com/divyo-argha/git-user/internal/cli/clone.go:182.2,182.29 1 1
github.com/divyo-argha/git-user/internal/cli/clone.go:182.29,185.35 3 1
github.com/divyo-argha/git-user/internal/cli/clone.go:185.35,187.4 1 0
github.com/divyo-argha/git-user/internal/cli/clone.go:190.2,190.12 1 1
github.com/divyo-argha/git-user/internal/cli/completion.go:9.41,10.19 1 1
github.com/divyo-argha/git-user/internal/cli/completion.go:10.19,28.3 17 1
github.com/divyo-argha/git-user/internal/cli/completion.go:30.2,32.15 2 1
github.com/divyo-argha/git-user/internal/cli/completion.go:33.14,34.28 1 1
github.com/divyo-argha/git-user/internal/cli/completion.go:35.13,36.27 1 1
github.com/divyo-argha/git-user/internal/cli/completion.go:37.14,38.28 1 1
github.com/divyo-argha/git-user/internal/cli/completion.go:39.10,42.41 3 1
github.com/divyo-argha/git-user/internal/cli/completion.go:45.2,45.12 1 1
github.com/divyo-argha/git-user/internal/cli/config.go:13.37,14.19 1 1
github.com/divyo-argha/git-user/internal/cli/config.go:14.19,17.3 2 1
github.com/divyo-argha/git-user/internal/cli/config.go:19.2,21.19 3 1
github.com/divyo-argha/git-user/internal/cli/config.go:21.19,23.3 1 1
github.com/divyo-argha/git-user/internal/cli/config.go:25.2,26.16 2 1
github.com/divyo-argha/git-user/internal/cli/config.go:26.16,29.3 2 0
github.com/divyo-argha/git-user/internal/cli/config.go:31.2,32.17 2 1
github.com/divyo-argha/git-user/internal/cli/config.go:32.17,35.3 2 1
github.com/divyo-argha/git-user/internal/cli/config.go:37.2,37.16 1 1
github.com/divyo-argha/git-user/internal/cli/config.go:38.13,39.20 1 1
github.com/divyo-argha/git-user/internal/cli/config.go:39.20,42.4 2 1
github.com/divyo-argha/git-user/internal/cli/config.go:43.3,46.31 3 1
github.com/divyo-argha/git-user/internal/cli/config.go:46.31,48.4 1 1
github.com/divyo-argha/git-user/internal/cli/config.go:49.3,51.44 2 1
github.com/divyo-argha/git-user/internal/cli/config.go:51.44,54.4 2 0
github.com/divyo-argha/git-user/internal/cli/config.go:57.3,57.28 1 1
github.com/divyo-argha/git-user/internal/cli/config.go:57.28,68.4 2 0
github.com/divyo-argha/git-user/internal/cli/config.go:70.3,70.70 1 1
github.com/divyo-argha/git-user/internal/cli/config.go:72.15,73.20 1 1
github.com/divyo-argha/git-user/internal/cli/config.go:73.20,76.4 2 1
github.com/divyo-argha/git-user/internal/cli/config.go:77.3,79.31 2 1
github.com/divyo-argha/git-user/internal/cli/config.go:79.31,81.4 1 1
github.com/divyo-argha/git-user/internal/cli/config.go:83.3,83.44 1 1
github.com/divyo-argha/git-user/internal/cli/config.go:83.44,86.4 2 0
github.com/divyo-argha/git-user/internal/cli/config.go:88.3,88.28 1 1
github.com/divyo-argha/git-user/internal/cli/config.go:88.28,91.4 2 0
github.com/divyo-argha/git-user/internal/cli/config.go:93.3,93.60 1 1
github.com/divyo-argha/git-user/internal/cli/config.go:95.14,97.34 2 1
github.com/divyo-argha/git-user/internal/cli/config.go:97.34,100.4 2 0
github.com/divyo-argha/git-user/internal/cli/config.go:103.3,104.36 2 1
github.com/divyo-argha/git-user/internal/cli/config.go:104.36,106.4 1 1
github.com/divyo-argha/git-user/internal/cli/config.go:107.3,109.26 2 1
github.com/divyo-argha/git-user/internal/cli/config.go:109.26,111.4 1 1
github.com/divyo-argha/git-user/internal/cli/config.go:113.10,115.38 2 0
github.com/divyo-argha/git-user/internal/cli/config.go:118.2,118.12 1 1
github.com/divyo-argha/git-user/internal/cli/config.go:121.67,123.11 2 1
github.com/divyo-argha/git-user/internal/cli/config.go:123.11,125.3 1 0
github.com/divyo-argha/git-user/internal/cli/config.go:126.2,126.63 1 1
github.com/divyo-argha/git-user/internal/cli/config.go:129.60,131.11 2 1
github.com/divyo-argha/git-user/internal/cli/config.go:131.11,133.3 1 0
github.com/divyo-argha/git-user/internal/cli/config.go:134.2,134.71 1 1
github.com/divyo-argha/git-user/internal/cli/current.go:11.35,13.16 2 1
github.com/divyo-argha/git-user/internal/cli/current.go:13.16,16.3 2 0
github.com/divyo-argha/git-user/internal/cli/current.go:18.2,21.21 3 1
github.com/divyo-argha/git-user/internal/cli/current.go:21.21,24.30 3 1
github.com/divyo-argha/git-user/internal/cli/current.go:24.30,25.94 1 1
github.com/divyo-argha/git-user/internal/cli/current.go:25.94,27.10 2 1
github.com/divyo-argha/git-user/internal/cli/current.go:30.3,30.32 1 1
github.com/divyo-argha/git-user/internal/cli/current.go:30.32,35.4 1 0
github.com/divyo-argha/git-user/internal/cli/current.go:36.8,38.3 1 1
github.com/divyo-argha/git-user/internal/cli/current.go:40.2,40.14 1 1
github.com/divyo-argha/git-user/internal/cli/current.go:40.14,44.3 3 1
github.com/divyo-argha/git-user/internal/cli/current.go:46.2,46.21 1 1
github.com/divyo-argha/git-user/internal/cli/current.go:46.21,48.3 1 1
github.com/divyo-argha/git-user/internal/cli/current.go:48.8,50.3 1 1
github.com/divyo-argha/git-user/internal/cli/current.go:52.2,54.22 2 1
github.com/divyo-argha/git-user/internal/cli/current.go:54.22,57.47 3 1
github.com/divyo-argha/git-user/internal/cli/current.go:57.47,61.4 3 1
github.com/divyo-argha/git-user/internal/cli/current.go:64.2,64.12 1 1
github.com/divyo-argha/git-user/internal/cli/doctor.go:16.37,24.16 6 1
github.com/divyo-argha/git-user/internal/cli/doctor.go:24.16,27.3 2 0
github.com/divyo-argha/git-user/internal/cli/doctor.go:27.8,27.32 1 1
github.com/divyo-argha/git-user/internal/cli/doctor.go:27.32,31.3 3 1
github.com/divyo-argha/git-user/internal/cli/doctor.go:31.8,33.18 2 1
github.com/divyo-argha/git-user/internal/cli/doctor.go:33.18,36.4 2 0
github.com/divyo-argha/git-user/internal/cli/doctor.go:36.9,43.55 5 1
github.com/divyo-argha/git-user/internal/cli/doctor.go:43.55,47.5 3 1
github.com/divyo-argha/git-user/internal/cli/doctor.go:47.10,47.64 1 1
github.com/divyo-argha/git-user/internal/cli/doctor.go:47.64,51.5 3 0
github.com/divyo-argha/git-user/internal/cli/doctor.go:51.10,53.5 1 1
github.com/divyo-argha/git-user/internal/cli/doctor.go:55.4,55.25 1 1
github.com/divyo-argha/git-user/internal/cli/doctor.go:55.25,58.27 3 1
github.com/divyo-argha/git-user/internal/cli/doctor.go:58.27,62.6 3 1
github.com/divyo-argha/git-user/internal/cli/doctor.go:62.11,62.26 1 1
github.com/divyo-argha/git-user/internal/cli/doctor.go:62.26,65.6 2 0
github.com/divyo-argha/git-user/internal/cli/doctor.go:65.11,66.35 1 1
github.com/divyo-argha/git-user/internal/cli/doctor.go:66.35,68.23 2 1
github.com/divyo-argha/git-user/internal/cli/doctor.go:68.23,72.8 3 0
github.com/divyo-argha/git-user/internal/cli/doctor.go:72.13,74.8 1 1
github.com/divyo-argha/git-user/internal/cli/doctor.go:75.12,77.7 1 0
github.com/divyo-argha/git-user/internal/cli/doctor.go:79.6,80.68 2 1
github.com/divyo-argha/git-user/internal/cli/doctor.go:80.68,88.7 7 0
github.com/divyo-argha/git-user/internal/cli/doctor.go:88.12,90.7 1 1
github.com/divyo-argha/git-user/internal/cli/doctor.go:92.10,96.5 3 1
github.com/divyo-argha/git-user/internal/cli/doctor.go:100.2,101.24 2 1
github.com/divyo-argha/git-user/internal/cli/doctor.go:101.24,104.3 2 0
github.com/divyo-argha/git-user/internal/cli/doctor.go:104.8,107.3 2 1
github.com/divyo-argha/git-user/internal/cli/doctor.go:109.2,110.55 2 1
github.com/divyo-argha/git-user/internal/cli/doctor.go:110.55,114.3 3 0
github.com/divyo-argha/git-user/internal/cli/doctor.go:114.8,116.3 1 1
github.com/divyo-argha/git-user/internal/cli/doctor.go:118.2,121.52 4 1
github.com/divyo-argha/git-user/internal/cli/doctor.go:121.52,122.29 1 1
github.com/divyo-argha/git-user/internal/cli/doctor.go:122.29,123.46 1 1
github.com/divyo-argha/git-user/internal/cli/doctor.go:123.46,126.5 2 1
github.com/divyo-argha/git-user/internal/cli/doctor.go:130.2,130.20 1 1
github.com/divyo-argha/git-user/internal/cli/doctor.go:130.20,133.37 3 1
github.com/divyo-argha/git-user/internal/cli/doctor.go:133.37,135.35 2 1
github.com/divyo-argha/git-user/internal/cli/doctor.go:135.35,137.57 2 1
github.com/divyo-argha/git-user/internal/cli/doctor.go:137.57,138.19 1 0
github.com/divyo-argha/git-user/internal/cli/doctor.go:138.19,141.7 2 0
github.com/divyo-argha/git-user/internal/cli/doctor.go:142.6,142.51 1 0
github.com/divyo-argha/git-user/internal/cli/doctor.go:145.4,145.16 1 1
github.com/divyo-argha/git-user/internal/cli/doctor.go:145.16,148.5 2 0
github.com/divyo-argha/git-user/internal/cli/doctor.go:148.10,150.5 1 1
github.com/divyo-argha/git-user/internal/cli/doctor.go:154.2,156.17 3 1
github.com/divyo-argha/git-user/internal/cli/doctor.go:156.17,158.3 1 1
github.com/divyo-argha/git-user/internal/cli/doctor.go:158.8,160.3 1 1
github.com/divyo-argha/git-user/internal/cli/doctor.go:162.2,162.12 1 1
github.com/divyo-argha/git-user/internal/cli/edit.go:11.35,12.19 1 1
github.com/divyo-argha/git-user/internal/cli/edit.go:12.19,15.3 2 1
github.com/divyo-argha/git-user/internal/cli/edit.go:17.2,20.29 3 1
github.com/divyo-argha/git-user/internal/cli/edit.go:20.29,23.3 2 1
github.com/divyo-argha/git-user/internal/cli/edit.go:25.2,26.16 2 1
github.com/divyo-argha/git-user/internal/cli/edit.go:26.16,29.3 2 0
github.com/divyo-argha/git-user/internal/cli/edit.go:31.2,32.17 2 1
github.com/divyo-argha/git-user/internal/cli/edit.go:32.17,35.3 2 1
github.com/divyo-argha/git-user/internal/cli/edit.go:37.2,37.32 1 1
github.com/divyo-argha/git-user/internal/cli/edit.go:37.32,38.44 1 1
github.com/divyo-argha/git-user/internal/cli/edit.go:38.44,41.4 2 1
github.com/divyo-argha/git-user/internal/cli/edit.go:44.2,44.57 1 1
github.com/divyo-argha/git-user/internal/cli/edit.go:44.57,47.3 2 0
github.com/divyo-argha/git-user/internal/cli/edit.go:50.2,50.27 1 1
github.com/divyo-argha/git-user/internal/cli/edit.go:50.27,52.52 2 1
github.com/divyo-argha/git-user/internal/cli/edit.go:52.52,55.4 2 0
github.com/divyo-argha/git-user/internal/cli/edit.go:56.3,56.78 1 1
github.com/divyo-argha/git-user/internal/cli/edit.go:59.2,59.43 1 1
github.com/divyo-argha/git-user/internal/cli/edit.go:59.43,62.3 2 0
github.com/divyo-argha/git-user/internal/cli/edit.go:64.2,65.12 2 1
github.com/divyo-argha/git-user/internal/cli/export.go:14.37,15.20 1 1
github.com/divyo-argha/git-user/internal/cli/export.go:15.20,18.3 2 1
github.com/divyo-argha/git-user/internal/cli/export.go:20.2,21.16 2 1
github.com/divyo-argha/git-user/internal/cli/export.go:21.16,24.3 2 0
github.com/divyo-argha/git-user/internal/cli/export.go:25.2,25.27 1 1
github.com/divyo-argha/git-user/internal/cli/export.go:25.27,28.3 2 1
github.com/divyo-argha/git-user/internal/cli/export.go:31.2,32.24 2 1
github.com/divyo-argha/git-user/internal/cli/export.go:32.24,33.33 1 1
github.com/divyo-argha/git-user/internal/cli/export.go:33.33,34.22 1 1
github.com/divyo-argha/git-user/internal/cli/export.go:34.22,36.5 1 1
github.com/divyo-argha/git-user/internal/cli/export.go:38.8,39.29 1 1
github.com/divyo-argha/git-user/internal/cli/export.go:39.29,41.16 2 1
github.com/divyo-argha/git-user/internal/cli/export.go:41.16,44.5 2 1
github.com/divyo-argha/git-user/internal/cli/export.go:45.4,45.21 1 0
github.com/divyo-argha/git-user/internal/cli/export.go:45.21,47.13 2 0
github.com/divyo-argha/git-user/internal/cli/export.go:49.4,49.35 1 0
github.com/divyo-argha/git-user/internal/cli/export.go:53.2,53.24 1 1
github.com/divyo-argha/git-user/internal/cli/export.go:53.24,56.3 2 0
github.com/divyo-argha/git-user/internal/cli/export.go:58.2,64.16 6 1
github.com/divyo-argha/git-user/internal/cli/export.go:64.16,66.3 1 0
github.com/divyo-argha/git-user/internal/cli/export.go:67.2,68.16 2 1
github.com/divyo-argha/git-user/internal/cli/export.go:68.16,70.3 1 0
github.com/divyo-argha/git-user/internal/cli/export.go:71.2,71.27 1 1
github.com/divyo-argha/git-user/internal/cli/export.go:71.27,74.3 2 1
github.com/divyo-argha/git-user/internal/cli/export.go:75.2,75.22 1 1
github.com/divyo-argha/git-user/internal/cli/export.go:75.22,78.3 2 1
github.com/divyo-argha/git-user/internal/cli/export.go:80.2,82.29 3 1
github.com/divyo-argha/git-user/internal/cli/export.go:82.29,84.21 2 1
github.com/divyo-argha/git-user/internal/cli/export.go:84.21,86.18 2 1
github.com/divyo-argha/git-user/internal/cli/export.go:86.18,88.5 1 0
github.com/divyo-argha/git-user/internal/cli/export.go:88.10,92.32 2 1
github.com/divyo-argha/git-user/internal/cli/export.go:92.32,95.6 2 0
github.com/divyo-argha/git-user/internal/cli/export.go:95.11,99.6 2 1
github.com/divyo-argha/git-user/internal/cli/export.go:102.3,102.38 1 1
github.com/divyo-argha/git-user/internal/cli/export.go:105.2,105.27 1 1
github.com/divyo-argha/git-user/internal/cli/export.go:105.27,110.3 4 0
github.com/divyo-argha/git-user/internal/cli/export.go:112.2,114.16 3 1
github.com/divyo-argha/git-user/internal/cli/export.go:114.16,117.3 2 0
github.com/divyo-argha/git-user/internal/cli/export.go:119.2,124.6 5 1
github.com/divyo-argha/git-user/internal/cli/export.go:124.6,125.53 1 1
github.com/divyo-argha/git-user/internal/cli/export.go:125.53,126.9 1 1
github.com/divyo-argha/git-user/internal/cli/export.go:128.3,129.12 2 0
github.com/divyo-argha/git-user/internal/cli/export.go:132.2,132.63 1 1
github.com/divyo-argha/git-user/internal/cli/export.go:132.63,135.3 2 0
github.com/divyo-argha/git-user/internal/cli/export.go:137.2,140.32 4 1
github.com/divyo-argha/git-user/internal/cli/export.go:140.32,142.3 1 1
github.com/divyo-argha/git-user/internal/cli/export.go:143.2,146.12 4 1
github.com/divyo-argha/git-user/internal/cli/fixremote.go:11.40,12.24 1 1
github.com/divyo-argha/git-user/internal/cli/fixremote.go:12.24,15.3 2 0
github.com/divyo-argha/git-user/internal/cli/fixremote.go:17.2,17.21 1 1
github.com/divyo-argha/git-user/internal/cli/fixremote.go:17.21,20.3 2 1
github.com/divyo-argha/git-user/internal/cli/fixremote.go:22.2,23.37 2 1
github.com/divyo-argha/git-user/internal/cli/fixremote.go:23.37,26.3 2 0
github.com/divyo-argha/git-user/internal/cli/fixremote.go:28.2,29.33 2 1
github.com/divyo-argha/git-user/internal/cli/fixremote.go:29.33,31.17 2 1
github.com/divyo-argha/git-user/internal/cli/fixremote.go:31.17,32.12 1 0
github.com/divyo-argha/git-user/internal/cli/fixremote.go:35.3,35.42 1 1
github.com/divyo-argha/git-user/internal/cli/fixremote.go:35.42,36.12 1 0
github.com/divyo-argha/git-user/internal/cli/fixremote.go:39.3,40.10 2 1
github.com/divyo-argha/git-user/internal/cli/fixremote.go:40.10,42.12 2 0
github.com/divyo-argha/git-user/internal/cli/fixremote.go:45.3,45.58 1 1
github.com/divyo-argha/git-user/internal/cli/fixremote.go:45.58,47.12 2 0
github.com/divyo-argha/git-user/internal/cli/fixremote.go:50.3,51.14 2 1
github.com/divyo-argha/git-user/internal/cli/fixremote.go:54.2,54.20 1 1
github.com/divyo-argha/git-user/internal/cli/fixremote.go:54.20,56.3 1 0
github.com/divyo-argha/git-user/internal/cli/fixremote.go:56.8,60.3 3 1
github.com/divyo-argha/git-user/internal/cli/fixremote.go:62.2,62.12 1 1
github.com/divyo-argha/git-user/internal/cli/header.go:34.63,37.39 2 0
github.com/divyo-argha/git-user/internal/cli/header.go:37.39,39.3 1 0
github.com/divyo-argha/git-user/internal/cli/header.go:41.2,41.15 1 0
github.com/divyo-argha/git-user/internal/cli/header.go:42.14,43.33 1 0
github.com/divyo-argha/git-user/internal/cli/header.go:44.10,45.33 1 0
github.com/divyo-argha/git-user/internal/cli/header.go:51.51,64.25 8 0
github.com/divyo-argha/git-user/internal/cli/header.go:64.25,65.41 1 0
github.com/divyo-argha/git-user/internal/cli/header.go:65.41,71.4 1 0
github.com/divyo-argha/git-user/internal/cli/header.go:71.9,76.4 1 0
github.com/divyo-argha/git-user/internal/cli/header.go:77.8,82.3 1 0
github.com/divyo-argha/git-user/internal/cli/header.go:85.2,86.16 2 0
github.com/divyo-argha/git-user/internal/cli/header.go:86.16,90.78 4 0
github.com/divyo-argha/git-user/internal/cli/header.go:90.78,92.4 1 0
github.com/divyo-argha/git-user/internal/cli/header.go:93.3,98.5 2 0
github.com/divyo-argha/git-user/internal/cli/header.go:99.8,105.3 2 0
github.com/divyo-argha/git-user/internal/cli/header.go:107.2,114.20 7 0
github.com/divyo-argha/git-user/internal/cli/header.go:119.51,121.25 2 0
github.com/divyo-argha/git-user/internal/cli/header.go:121.25,122.41 1 0
github.com/divyo-argha/git-user/internal/cli/header.go:122.41,124.4 1 0
github.com/divyo-argha/git-user/internal/cli/header.go:126.2,126.15 1 0
github.com/divyo-argha/git-user/internal/cli/hook.go:14.35,15.19 1 0
github.com/divyo-argha/git-user/internal/cli/hook.go:15.19,24.3 8 0
github.com/divyo-argha/git-user/internal/cli/hook.go:26.2,28.20 2 0
github.com/divyo-argha/git-user/internal/cli/hook.go:29.17,30.23 1 0
github.com/divyo-argha/git-user/internal/cli/hook.go:31.19,32.25 1 0
github.com/divyo-argha/git-user/internal/cli/hook.go:33.15,34.25 1 0
github.com/divyo-argha/git-user/internal/cli/hook.go:35.10,37.42 2 0
github.com/divyo-argha/git-user/internal/cli/hook.go:41.26,42.21 1 1
github.com/divyo-argha/git-user/internal/cli/hook.go:42.21,45.3 2 0
github.com/divyo-argha/git-user/internal/cli/hook.go:48.2,50.16 3 1
github.com/divyo-argha/git-user/internal/cli/hook.go:50.16,53.3 2 0
github.com/divyo-argha/git-user/internal/cli/hook.go:54.2,60.45 4 1
github.com/divyo-argha/git-user/internal/cli/hook.go:60.45,62.23 2 0
github.com/divyo-argha/git-user/internal/cli/hook.go:62.23,68.40 5 0
github.com/divyo-argha/git-user/internal/cli/hook.go:68.40,71.5 2 0
github.com/divyo-argha/git-user/internal/cli/hook.go:76.2,76.52 1 1
github.com/divyo-argha/git-user/internal/cli/hook.go:76.52,79.3 2 0
github.com/divyo-argha/git-user/internal/cli/hook.go:82.2,90.74 2 1
github.com/divyo-argha/git-user/internal/cli/hook.go:90.74,93.3 2 0
github.com/divyo-argha/git-user/internal/cli/hook.go:95.2,99.12 4 1
github.com/divyo-argha/git-user/internal/cli/hook.go:102.28,103.21 1 1
github.com/divyo-argha/git-user/internal/cli/hook.go:103.21,106.3 2 0
github.com/divyo-argha/git-user/internal/cli/hook.go:108.2,110.16 3 1
github.com/divyo-argha/git-user/internal/cli/hook.go:110.16,113.3 2 0
github.com/divyo-argha/git-user/internal/cli/hook.go:114.2,120.16 4 1
github.com/divyo-argha/git-user/internal/cli/hook.go:120.16,121.25 1 0
github.com/divyo-argha/git-user/internal/cli/hook.go:121.25,124.4 2 0
github.com/divyo-argha/git-user/internal/cli/hook.go:125.3,126.13 2 0
github.com/divyo-argha/git-user/internal/cli/hook.go:130.2,131.147 1 1
github.com/divyo-argha/git-user/internal/cli/hook.go:131.147,132.45 1 1
github.com/divyo-argha/git-user/internal/cli/hook.go:132.45,135.4 2 0
github.com/divyo-argha/git-user/internal/cli/hook.go:136.3,136.40 1 1
github.com/divyo-argha/git-user/internal/cli/hook.go:137.8,140.3 2 0
github.com/divyo-argha/git-user/internal/cli/hook.go:142.2,142.12 1 1
github.com/divyo-argha/git-user/internal/cli/hook.go:145.28,147.16 2 1
github.com/divyo-argha/git-user/internal/cli/hook.go:147.16,150.3 2 0
github.com/divyo-argha/git-user/internal/cli/hook.go:152.2,152.25 1 1
github.com/divyo-argha/git-user/internal/cli/hook.go:152.25,156.3 3 1
github.com/divyo-argha/git-user/internal/cli/hook.go:158.2,159.17 2 0
github.com/divyo-argha/git-user/internal/cli/hook.go:159.17,162.3 2 0
github.com/divyo-argha/git-user/internal/cli/hook.go:165.2,166.28 2 0
github.com/divyo-argha/git-user/internal/cli/hook.go:166.28,172.3 5 0
github.com/divyo-argha/git-user/internal/cli/hook.go:175.2,175.12 1 0
github.com/divyo-argha/git-user/internal/cli/import.go:13.37,14.19 1 1
github.com/divyo-argha/git-user/internal/cli/import.go:14.19,17.3 2 1
github.com/divyo-argha/git-user/internal/cli/import.go:19.2,21.25 3 1
github.com/divyo-argha/git-user/internal/cli/import.go:21.25,22.34 1 1
github.com/divyo-argha/git-user/internal/cli/import.go:22.34,24.4 1 0
github.com/divyo-argha/git-user/internal/cli/import.go:24.9,26.4 1 1
github.com/divyo-argha/git-user/internal/cli/import.go:29.2,29.22 1 1
github.com/divyo-argha/git-user/internal/cli/import.go:29.22,32.3 2 0
github.com/divyo-argha/git-user/internal/cli/import.go:33.2,36.16 3 1
github.com/divyo-argha/git-user/internal/cli/import.go:36.16,39.3 2 1
github.com/divyo-argha/git-user/internal/cli/import.go:41.2,42.16 2 1
github.com/divyo-argha/git-user/internal/cli/import.go:42.16,44.3 1 0
github.com/divyo-argha/git-user/internal/cli/import.go:46.2,48.16 3 1
github.com/divyo-argha/git-user/internal/cli/import.go:48.16,51.3 2 1
github.com/divyo-argha/git-user/internal/cli/import.go:53.2,54.16 2 1
github.com/divyo-argha/git-user/internal/cli/import.go:54.16,57.3 2 0
github.com/divyo-argha/git-user/internal/cli/import.go:59.2,61.50 3 1
github.com/divyo-argha/git-user/internal/cli/import.go:61.50,64.3 2 0
github.com/divyo-argha/git-user/internal/cli/import.go:66.2,68.32 3 1
github.com/divyo-argha/git-user/internal/cli/import.go:68.32,70.33 2 1
github.com/divyo-argha/git-user/internal/cli/import.go:70.33,72.4 1 1
github.com/divyo-argha/git-user/internal/cli/import.go:72.9,72.42 1 1
github.com/divyo-argha/git-user/internal/cli/import.go:72.42,74.4 1 0
github.com/divyo-argha/git-user/internal/cli/import.go:76.3,76.24 1 1
github.com/divyo-argha/git-user/internal/cli/import.go:76.24,77.13 1 1
github.com/divyo-argha/git-user/internal/cli/import.go:77.13,78.35 1 0
github.com/divyo-argha/git-user/internal/cli/import.go:78.35,80.6 1 0
github.com/divyo-argha/git-user/internal/cli/import.go:81.5,81.37 1 0
github.com/divyo-argha/git-user/internal/cli/import.go:81.37,82.36 1 0
github.com/divyo-argha/git-user/internal/cli/import.go:82.36,83.30 1 0
github.com/divyo-argha/git-user/internal/cli/import.go:83.30,85.13 2 0
github.com/divyo-argha/git-user/internal/cli/import.go:89.10,89.26 1 1
github.com/divyo-argha/git-user/internal/cli/import.go:89.26,92.13 3 1
github.com/divyo-argha/git-user/internal/cli/import.go:93.10,96.34 3 0
github.com/divyo-argha/git-user/internal/cli/import.go:96.34,99.14 3 0
github.com/divyo-argha/git-user/internal/cli/import.go:100.11,100.27 1 0
github.com/divyo-argha/git-user/internal/cli/import.go:100.27,101.36 1 0
github.com/divyo-argha/git-user/internal/cli/import.go:101.36,103.7 1 0
github.com/divyo-argha/git-user/internal/cli/import.go:104.6,104.38 1 0
github.com/divyo-argha/git-user/internal/cli/import.go:104.38,105.37 1 0
github.com/divyo-argha/git-user/internal/cli/import.go:105.37,106.31 1 0
github.com/divyo-argha/git-user/internal/cli/import.go:106.31,108.14 2 0
github.com/divyo-argha/git-user/internal/cli/import.go:112.11,112.27 1 0
github.com/divyo-argha/git-user/internal/cli/import.go:112.27,114.37 2 0
github.com/divyo-argha/git-user/internal/cli/import.go:114.37,117.15 3 0
github.com/divyo-argha/git-user/internal/cli/import.go:119.6,120.68 2 0
github.com/divyo-argha/git-user/internal/cli/import.go:120.68,123.15 3 0
github.com/divyo-argha/git-user/internal/cli/import.go:129.3,129.58 1 1
github.com/divyo-argha/git-user/internal/cli/import.go:129.58,131.12 2 0
github.com/divyo-argha/git-user/internal/cli/import.go:134.3,134.29 1 1
github.com/divyo-argha/git-user/internal/cli/import.go:134.29,136.69 2 1
github.com/divyo-argha/git-user/internal/cli/import.go:136.69,138.13 2 0
github.com/divyo-argha/git-user/internal/cli/import.go:140.4,140.29 1 1
github.com/divyo-argha/git-user/internal/cli/import.go:140.29,142.5 1 1
github.com/divyo-argha/git-user/internal/cli/import.go:143.4,144.83 2 1
github.com/divyo-argha/git-user/internal/cli/import.go:145.9,147.4 1 1
github.com/divyo-argha/git-user/internal/cli/import.go:148.3,148.13 1 1
github.com/divyo-argha/git-user/internal/cli/import.go:151.2,151.43 1 1
github.com/divyo-argha/git-user/internal/cli/import.go:151.43,154.3 2 0
github.com/divyo-argha/git-user/internal/cli/import.go:156.2,157.18 2 1
github.com/divyo-argha/git-user/internal/cli/import.go:157.18,159.3 1 1
github.com/divyo-argha/git-user/internal/cli/import.go:160.2,160.17 1 1
github.com/divyo-argha/git-user/internal/cli/import.go:160.17,162.3 1 1
github.com/divyo-argha/git-user/internal/cli/import.go:163.2,163.12 1 1
github.com/divyo-argha/git-user/internal/cli/import_original.go:12.45,14.16 2 1
github.com/divyo-argha/git-user/internal/cli/import_original.go:14.16,17.3 2 0
github.com/divyo-argha/git-user/internal/cli/import_original.go:20.2,20.32 1 1
github.com/divyo-argha/git-user/internal/cli/import_original.go:20.32,21.29 1 0
github.com/divyo-argha/git-user/internal/cli/import_original.go:21.29,25.4 3 0
github.com/divyo-argha/git-user/internal/cli/import_original.go:30.2,31.27 2 1
github.com/divyo-argha/git-user/internal/cli/import_original.go:31.27,35.3 3 0
github.com/divyo-argha/git-user/internal/cli/import_original.go:35.8,39.3 3 1
github.com/divyo-argha/git-user/internal/cli/import_original.go:41.2,41.31 1 1
github.com/divyo-argha/git-user/internal/cli/import_original.go:41.31,44.3 2 0
github.com/divyo-argha/git-user/internal/cli/import_original.go:48.2,49.19 2 1
github.com/divyo-argha/git-user/internal/cli/import_original.go:49.19,51.3 1 1
github.com/divyo-argha/git-user/internal/cli/import_original.go:51.8,53.24 2 1
github.com/divyo-argha/git-user/internal/cli/import_original.go:53.24,55.4 1 0
github.com/divyo-argha/git-user/internal/cli/import_original.go:56.3,57.23 2 1
github.com/divyo-argha/git-user/internal/cli/import_original.go:57.23,59.4 1 0
github.com/divyo-argha/git-user/internal/cli/import_original.go:60.3,61.19 2 1
github.com/divyo-argha/git-user/internal/cli/import_original.go:61.19,63.4 1 0
github.com/divyo-argha/git-user/internal/cli/import_original.go:64.3,64.22 1 1
github.com/divyo-argha/git-user/internal/cli/import_original.go:67.2,67.39 1 1
github.com/divyo-argha/git-user/internal/cli/import_original.go:67.39,70.3 2 0
github.com/divyo-argha/git-user/internal/cli/import_original.go:72.2,72.17 1 1
github.com/divyo-argha/git-user/internal/cli/import_original.go:72.17,74.44 2 0
github.com/divyo-argha/git-user/internal/cli/import_original.go:74.44,77.4 2 0
github.com/divyo-argha/git-user/internal/cli/import_original.go:78.3,78.22 1 0
github.com/divyo-argha/git-user/internal/cli/import_original.go:83.2,100.43 5 1
github.com/divyo-argha/git-user/internal/cli/import_original.go:100.43,103.3 2 0
github.com/divyo-argha/git-user/internal/cli/import_original.go:105.2,108.18 4 1
github.com/divyo-argha/git-user/internal/cli/import_original.go:108.18,110.3 1 1
github.com/divyo-argha/git-user/internal/cli/import_original.go:111.2,111.22 1 1
github.com/divyo-argha/git-user/internal/cli/import_original.go:111.22,113.3 1 1
github.com/divyo-argha/git-user/internal/cli/import_original.go:114.2,118.12 4 1
github.com/divyo-argha/git-user/internal/cli/import_original.go:122.50,124.26 2 1
github.com/divyo-argha/git-user/internal/cli/import_original.go:124.26,125.36 1 1
github.com/divyo-argha/git-user/internal/cli/import_original.go:125.36,127.4 1 1
github.com/divyo-argha/git-user/internal/cli/import_original.go:129.2,129.11 1 1
github.com/divyo-argha/git-user/internal/cli/list.go:8.32,10.16 2 1
github.com/divyo-argha/git-user/internal/cli/list.go:10.16,13.3 2 0
github.com/divyo-argha/git-user/internal/cli/list.go:15.2,15.27 1 1
github.com/divyo-argha/git-user/internal/cli/list.go:15.27,19.3 3 1
github.com/divyo-argha/git-user/internal/cli/list.go:21.2,22.32 2 1
github.com/divyo-argha/git-user/internal/cli/list.go:22.32,24.3 1 1
github.com/divyo-argha/git-user/internal/cli/list.go:26.2,26.25 1 1
github.com/divyo-argha/git-user/internal/cli/list.go:26.25,28.3 1 0
github.com/divyo-argha/git-user/internal/cli/list.go:29.2,29.12 1 1
github.com/divyo-argha/git-user/internal/cli/logout.go:14.37,16.16 2 1
github.com/divyo-argha/git-user/internal/cli/logout.go:16.16,19.3 2 0
github.com/divyo-argha/git-user/internal/cli/logout.go:21.2,22.17 2 1
github.com/divyo-argha/git-user/internal/cli/logout.go:22.17,25.3 2 1
github.com/divyo-argha/git-user/internal/cli/logout.go:28.2,28.58 1 1
github.com/divyo-argha/git-user/internal/cli/logout.go:28.58,30.3 1 0
github.com/divyo-argha/git-user/internal/cli/logout.go:33.2,35.22 2 1
github.com/divyo-argha/git-user/internal/cli/logout.go:35.22,38.24 3 1
github.com/divyo-argha/git-user/internal/cli/logout.go:38.24,42.4 3 1
github.com/divyo-argha/git-user/internal/cli/logout.go:43.3,43.50 1 1
github.com/divyo-argha/git-user/internal/cli/logout.go:47.2,48.43 2 1
github.com/divyo-argha/git-user/internal/cli/logout.go:48.43,51.3 2 0
github.com/divyo-argha/git-user/internal/cli/logout.go:53.2,55.12 3 1
github.com/divyo-argha/git-user/internal/cli/onboarding.go:31.50,33.2 1 1
github.com/divyo-argha/git-user/internal/cli/onboarding.go:39.40,40.17 1 1
github.com/divyo-argha/git-user/internal/cli/onboarding.go:40.17,42.3 1 1
github.com/divyo-argha/git-user/internal/cli/onboarding.go:44.2,45.16 2 1
github.com/divyo-argha/git-user/internal/cli/onboarding.go:45.16,47.3 1 0
github.com/divyo-argha/git-user/internal/cli/onboarding.go:48.2,48.50 1 1
github.com/divyo-argha/git-user/internal/cli/onboarding.go:48.50,50.3 1 1
github.com/divyo-argha/git-user/internal/cli/onboarding.go:52.2,57.31 3 1
github.com/divyo-argha/git-user/internal/cli/onboarding.go:57.31,61.3 3 0
github.com/divyo-argha/git-user/internal/cli/onboarding.go:63.2,74.105 8 1
github.com/divyo-argha/git-user/internal/cli/onboarding.go:74.105,80.3 5 1
github.com/divyo-argha/git-user/internal/cli/onboarding.go:82.2,85.23 3 1
github.com/divyo-argha/git-user/internal/cli/onboarding.go:85.23,87.3 1 0
github.com/divyo-argha/git-user/internal/cli/onboarding.go:89.2,92.22 4 1
github.com/divyo-argha/git-user/internal/cli/onboarding.go:92.22,94.3 1 0
github.com/divyo-argha/git-user/internal/cli/onboarding.go:95.2,96.22 2 1
github.com/divyo-argha/git-user/internal/cli/onboarding.go:96.22,98.3 1 1
github.com/divyo-argha/git-user/internal/cli/onboarding.go:100.2,100.39 1 1
github.com/divyo-argha/git-user/internal/cli/onboarding.go:100.39,104.3 3 0
github.com/divyo-argha/git-user/internal/cli/onboarding.go:106.2,120.43 4 1
github.com/divyo-argha/git-user/internal/cli/onboarding.go:120.43,123.3 2 0
github.com/divyo-argha/git-user/internal/cli/onboarding.go:125.2,129.22 5 1
github.com/divyo-argha/git-user/internal/cli/onboarding.go:129.22,131.3 1 1
github.com/divyo-argha/git-user/internal/cli/onboarding.go:132.2,134.12 3 1
github.com/divyo-argha/git-user/internal/cli/passphrase.go:15.41,22.33 6 0
github.com/divyo-argha/git-user/internal/cli/passphrase.go:22.33,24.39 2 0
github.com/divyo-argha/git-user/internal/cli/passphrase.go:24.39,26.4 1 0
github.com/divyo-argha/git-user/internal/cli/passphrase.go:26.9,26.43 1 0
github.com/divyo-argha/git-user/internal/cli/passphrase.go:26.43,28.4 1 0
github.com/divyo-argha/git-user/internal/cli/passphrase.go:28.9,28.46 1 0
github.com/divyo-argha/git-user/internal/cli/passphrase.go:28.46,30.4 1 0
github.com/divyo-argha/git-user/internal/cli/passphrase.go:30.9,30.65 1 0
github.com/divyo-argha/git-user/internal/cli/passphrase.go:30.65,33.4 2 0
github.com/divyo-argha/git-user/internal/cli/passphrase.go:33.9,33.47 1 0
github.com/divyo-argha/git-user/internal/cli/passphrase.go:33.47,35.4 1 0
github.com/divyo-argha/git-user/internal/cli/passphrase.go:35.9,35.42 1 0
github.com/divyo-argha/git-user/internal/cli/passphrase.go:35.42,37.4 1 0
github.com/divyo-argha/git-user/internal/cli/passphrase.go:40.2,41.16 2 0
github.com/divyo-argha/git-user/internal/cli/passphrase.go:41.16,44.3 2 0
github.com/divyo-argha/git-user/internal/cli/passphrase.go:46.2,47.16 2 0
github.com/divyo-argha/git-user/internal/cli/passphrase.go:47.16,49.18 2 0
github.com/divyo-argha/git-user/internal/cli/passphrase.go:49.18,52.4 2 0
github.com/divyo-argha/git-user/internal/cli/passphrase.go:53.8,55.18 2 0
github.com/divyo-argha/git-user/internal/cli/passphrase.go:55.18,60.4 4 0
github.com/divyo-argha/git-user/internal/cli/passphrase.go:63.2,63.23 1 0
github.com/divyo-argha/git-user/internal/cli/passphrase.go:63.23,67.3 3 0
github.com/divyo-argha/git-user/internal/cli/passphrase.go:69.2,69.48 1 0
github.com/divyo-argha/git-user/internal/cli/passphrase.go:69.48,73.3 3 0
github.com/divyo-argha/git-user/internal/cli/passphrase.go:75.2,75.19 1 0
github.com/divyo-argha/git-user/internal/cli/passphrase.go:75.19,77.18 2 0
github.com/divyo-argha/git-user/internal/cli/passphrase.go:78.33,79.26 1 0
github.com/divyo-argha/git-user/internal/cli/passphrase.go:80.25,81.21 1 0
github.com/divyo-argha/git-user/internal/cli/passphrase.go:82.27,83.25 1 0
github.com/divyo-argha/git-user/internal/cli/passphrase.go:84.11,86.37 2 0
github.com/divyo-argha/git-user/internal/cli/passphrase.go:88.3,90.51 3 0
github.com/divyo-argha/git-user/internal/cli/passphrase.go:90.51,92.4 1 0
github.com/divyo-argha/git-user/internal/cli/passphrase.go:93.3,93.29 1 0
github.com/divyo-argha/git-user/internal/cli/passphrase.go:93.29,95.4 1 0
github.com/divyo-argha/git-user/internal/cli/passphrase.go:96.3,97.13 2 0
github.com/divyo-argha/git-user/internal/cli/passphrase.go:100.2,101.16 2 0
github.com/divyo-argha/git-user/internal/cli/passphrase.go:101.16,104.3 2 0
github.com/divyo-argha/git-user/internal/cli/passphrase.go:106.2,106.12 1 0
github.com/divyo-argha/git-user/internal/cli/passphrase.go:106.12,107.17 1 0
github.com/divyo-argha/git-user/internal/cli/passphrase.go:107.17,110.4 2 0
github.com/divyo-argha/git-user/internal/cli/passphrase.go:111.3,112.17 2 0
github.com/divyo-argha/git-user/internal/cli/passphrase.go:112.17,114.4 1 0
github.com/divyo-argha/git-user/internal/cli/passphrase.go:115.3,115.50 1 0
github.com/divyo-argha/git-user/internal/cli/passphrase.go:115.50,118.4 2 0
github.com/divyo-argha/git-user/internal/cli/passphrase.go:119.3,120.44 2 0
github.com/divyo-argha/git-user/internal/cli/passphrase.go:123.2,129.21 6 0
github.com/divyo-argha/git-user/internal/cli/passphrase.go:129.21,130.16 1 0
github.com/divyo-argha/git-user/internal/cli/passphrase.go:130.16,133.18 3 0
github.com/divyo-argha/git-user/internal/cli/passphrase.go:133.18,136.5 2 0
github.com/divyo-argha/git-user/internal/cli/passphrase.go:137.4,137.16 1 0
github.com/divyo-argha/git-user/internal/cli/passphrase.go:137.16,139.5 1 0
github.com/divyo-argha/git-user/internal/cli/passphrase.go:139.10,141.5 1 0
github.com/divyo-argha/git-user/internal/cli/passphrase.go:142.4,142.17 1 0
github.com/divyo-argha/git-user/internal/cli/passphrase.go:143.9,145.4 1 0
github.com/divyo-argha/git-user/internal/cli/passphrase.go:148.2,148.12 1 0
github.com/divyo-argha/git-user/internal/cli/passphrase.go:148.12,149.33 1 0
github.com/divyo-argha/git-user/internal/cli/passphrase.go:149.33,153.4 3 0
github.com/divyo-argha/git-user/internal/cli/passphrase.go:155.3,155.17 1 0
github.com/divyo-argha/git-user/internal/cli/passphrase.go:155.17,158.4 2 0
github.com/divyo-argha/git-user/internal/cli/passphrase.go:159.3,161.17 3 0
github.com/divyo-argha/git-user/internal/cli/passphrase.go:161.17,163.4 1 0
github.com/divyo-argha/git-user/internal/cli/passphrase.go:164.3,164.56 1 0
github.com/divyo-argha/git-user/internal/cli/passphrase.go:164.56,167.4 2 0
github.com/divyo-argha/git-user/internal/cli/passphrase.go:169.3,169.80 1 0
github.com/divyo-argha/git-user/internal/cli/passphrase.go:169.80,172.4 2 0
github.com/divyo-argha/git-user/internal/cli/passphrase.go:173.3,175.13 3 0
github.com/divyo-argha/git-user/internal/cli/passphrase.go:178.2,179.15 2 0
github.com/divyo-argha/git-user/internal/cli/passphrase.go:179.15,183.17 4 0
github.com/divyo-argha/git-user/internal/cli/passphrase.go:183.17,185.4 1 0
github.com/divyo-argha/git-user/internal/cli/passphrase.go:186.3,186.56 1 0
github.com/divyo-argha/git-user/internal/cli/passphrase.go:186.56,189.4 2 0
github.com/divyo-argha/git-user/internal/cli/passphrase.go:190.8,192.3 1 0
github.com/divyo-argha/git-user/internal/cli/passphrase.go:194.2,195.16 2 0
github.com/divyo-argha/git-user/internal/cli/passphrase.go:195.16,197.3 1 0
github.com/divyo-argha/git-user/internal/cli/passphrase.go:199.2,199.90 1 0
github.com/divyo-argha/git-user/internal/cli/passphrase.go:199.90,200.16 1 0
github.com/divyo-argha/git-user/internal/cli/passphrase.go:200.16,204.4 3 0
github.com/divyo-argha/git-user/internal/cli/passphrase.go:204.9,207.4 2 0
github.com/divyo-argha/git-user/internal/cli/passphrase.go:208.3,208.13 1 0
github.com/divyo-argha/git-user/internal/cli/passphrase.go:211.2,211.15 1 0
github.com/divyo-argha/git-user/internal/cli/passphrase.go:211.15,213.3 1 0
github.com/divyo-argha/git-user/internal/cli/passphrase.go:213.8,215.3 1 0
github.com/divyo-argha/git-user/internal/cli/passphrase.go:216.2,220.12 4 0
github.com/divyo-argha/git-user/internal/cli/passphrase.go:223.77,225.16 2 1
github.com/divyo-argha/git-user/internal/cli/passphrase.go:225.16,227.3 1 0
github.com/divyo-argha/git-user/internal/cli/passphrase.go:228.2,228.22 1 1
github.com/divyo-argha/git-user/internal/cli/passphrase.go:228.22,231.3 2 1
github.com/divyo-argha/git-user/internal/cli/passphrase.go:233.2,234.16 2 0
github.com/divyo-argha/git-user/internal/cli/passphrase.go:234.16,236.3 1 0
github.com/divyo-argha/git-user/internal/cli/passphrase.go:237.2,237.27 1 0
github.com/divyo-argha/git-user/internal/cli/passphrase.go:237.27,240.3 2 0
github.com/divyo-argha/git-user/internal/cli/passphrase.go:242.2,242.24 1 0
github.com/divyo-argha/git-user/internal/cli/passphrase.go:245.81,247.16 2 1
github.com/divyo-argha/git-user/internal/cli/passphrase.go:247.16,249.3 1 0
github.com/divyo-argha/git-user/internal/cli/passphrase.go:251.2,261.24 9 1
github.com/divyo-argha/git-user/internal/cli/passphrase.go:261.24,262.39 1 1
github.com/divyo-argha/git-user/internal/cli/passphrase.go:262.39,264.9 2 0
github.com/divyo-argha/git-user/internal/cli/passphrase.go:267.2,267.17 1 1
github.com/divyo-argha/git-user/internal/cli/passphrase.go:267.17,269.3 1 1
github.com/divyo-argha/git-user/internal/cli/passphrase.go:271.2,273.16 3 1
github.com/divyo-argha/git-user/internal/cli/passphrase.go:273.16,275.3 1 1
github.com/divyo-argha/git-user/internal/cli/passphrase.go:276.2,276.12 1 1
github.com/divyo-argha/git-user/internal/cli/prompt.go:15.37,16.43 1 1
github.com/divyo-argha/git-user/internal/cli/prompt.go:16.43,18.3 1 1
github.com/divyo-argha/git-user/internal/cli/prompt.go:21.2,22.34 2 1
github.com/divyo-argha/git-user/internal/cli/prompt.go:22.34,25.3 1 0
github.com/divyo-argha/git-user/internal/cli/prompt.go:28.2,29.16 2 1
github.com/divyo-argha/git-user/internal/cli/prompt.go:29.16,32.3 1 0
github.com/divyo-argha/git-user/internal/cli/prompt.go:35.2,35.25 1 1
github.com/divyo-argha/git-user/internal/cli/prompt.go:35.25,37.32 2 0
github.com/divyo-argha/git-user/internal/cli/prompt.go:37.32,39.4 1 0
github.com/divyo-argha/git-user/internal/cli/prompt.go:39.9,41.4 1 0
github.com/divyo-argha/git-user/internal/cli/prompt.go:44.2,44.12 1 1
github.com/divyo-argha/git-user/internal/cli/prompt.go:47.31,56.49 7 1
github.com/divyo-argha/git-user/internal/cli/prompt.go:56.49,58.3 1 1
github.com/divyo-argha/git-user/internal/cli/prompt.go:60.2,62.17 2 1
github.com/divyo-argha/git-user/internal/cli/prompt.go:62.17,64.3 1 1
github.com/divyo-argha/git-user/internal/cli/prompt.go:66.2,66.39 1 1
github.com/divyo-argha/git-user/internal/cli/prompt.go:66.39,70.3 3 1
github.com/divyo-argha/git-user/internal/cli/prompt.go:70.8,70.47 1 0
github.com/divyo-argha/git-user/internal/cli/prompt.go:70.47,74.3 3 0
github.com/divyo-argha/git-user/internal/cli/prompt.go:74.8,78.3 3 0
github.com/divyo-argha/git-user/internal/cli/prompt.go:80.2,80.18 1 1
github.com/divyo-argha/git-user/internal/cli/prompt.go:80.18,82.3 1 1
github.com/divyo-argha/git-user/internal/cli/prompt.go:84.2,87.16 3 1
github.com/divyo-argha/git-user/internal/cli/prompt.go:87.16,89.3 1 0
github.com/divyo-argha/git-user/internal/cli/prompt.go:91.2,92.24 2 1
github.com/divyo-argha/git-user/internal/cli/prompt.go:92.24,95.3 2 0
github.com/divyo-argha/git-user/internal/cli/prompt.go:97.2,97.42 1 1
github.com/divyo-argha/git-user/internal/cli/prompt.go:97.42,99.3 1 1
github.com/divyo-argha/git-user/internal/cli/prompt.go:99.8,99.44 1 1
github.com/divyo-argha/git-user/internal/cli/prompt.go:99.44,101.3 1 1
github.com/divyo-argha/git-user/internal/cli/prompt.go:101.8,101.45 1 0
github.com/divyo-argha/git-user/internal/cli/prompt.go:101.45,103.3 1 0
github.com/divyo-argha/git-user/internal/cli/prompt.go:103.8,103.45 1 0
github.com/divyo-argha/git-user/internal/cli/prompt.go:103.45,105.3 1 0
github.com/divyo-argha/git-user/internal/cli/prompt.go:107.2,107.12 1 0
github.com/divyo-argha/git-user/internal/cli/prompt.go:110.36,111.49 1 1
github.com/divyo-argha/git-user/internal/cli/prompt.go:111.49,113.3 1 0
github.com/divyo-argha/git-user/internal/cli/prompt.go:114.2,115.16 2 1
github.com/divyo-argha/git-user/internal/cli/prompt.go:115.16,117.3 1 0
github.com/divyo-argha/git-user/internal/cli/prompt.go:118.2,120.16 3 1
github.com/divyo-argha/git-user/internal/cli/prompt.go:120.16,122.3 1 0
github.com/divyo-argha/git-user/internal/cli/prompt.go:123.2,124.12 2 1
github.com/divyo-argha/git-user/internal/cli/prompt.go:127.30,132.51 3 1
github.com/divyo-argha/git-user/internal/cli/prompt.go:132.51,133.60 1 1
github.com/divyo-argha/git-user/internal/cli/prompt.go:133.60,136.4 2 0
github.com/divyo-argha/git-user/internal/cli/prompt.go:139.2,139.41 1 1
github.com/divyo-argha/git-user/internal/cli/prompt.go:139.41,141.3 1 0
github.com/divyo-argha/git-user/internal/cli/prompt.go:144.2,144.62 1 1
github.com/divyo-argha/git-user/internal/cli/prompt.go:144.62,146.3 1 0
github.com/divyo-argha/git-user/internal/cli/prompt.go:148.2,149.16 2 1
github.com/divyo-argha/git-user/internal/cli/prompt.go:149.16,151.3 1 0
github.com/divyo-argha/git-user/internal/cli/prompt.go:152.2,161.48 3 1
github.com/divyo-argha/git-user/internal/cli/prompt.go:161.48,163.3 1 0
github.com/divyo-argha/git-user/internal/cli/prompt.go:165.2,167.12 3 1
github.com/divyo-argha/git-user/internal/cli/prompt.go:170.25,174.51 3 1
github.com/divyo-argha/git-user/internal/cli/prompt.go:174.51,175.71 1 1
github.com/divyo-argha/git-user/internal/cli/prompt.go:175.71,178.4 2 0
github.com/divyo-argha/git-user/internal/cli/prompt.go:181.2,181.41 1 1
github.com/divyo-argha/git-user/internal/cli/prompt.go:181.41,183.3 1 0
github.com/divyo-argha/git-user/internal/cli/prompt.go:185.2,186.16 2 1
github.com/divyo-argha/git-user/internal/cli/prompt.go:186.16,188.3 1 0
github.com/divyo-argha/git-user/internal/cli/prompt.go:189.2,201.48 3 1
github.com/divyo-argha/git-user/internal/cli/prompt.go:201.48,203.3 1 0
github.com/divyo-argha/git-user/internal/cli/prompt.go:205.2,207.12 3 1
github.com/divyo-argha/git-user/internal/cli/prompt.go:210.26,214.51 3 0
github.com/divyo-argha/git-user/internal/cli/prompt.go:214.51,215.71 1 0
github.com/divyo-argha/git-user/internal/cli/prompt.go:215.71,218.4 2 0
github.com/divyo-argha/git-user/internal/cli/prompt.go:221.2,221.41 1 0
github.com/divyo-argha/git-user/internal/cli/prompt.go:221.41,223.3 1 0
github.com/divyo-argha/git-user/internal/cli/prompt.go:225.2,226.16 2 0
github.com/divyo-argha/git-user/internal/cli/prompt.go:226.16,228.3 1 0
github.com/divyo-argha/git-user/internal/cli/prompt.go:229.2,242.48 3 0
github.com/divyo-argha/git-user/internal/cli/prompt.go:242.48,244.3 1 0
github.com/divyo-argha/git-user/internal/cli/prompt.go:246.2,248.12 3 0
github.com/divyo-argha/git-user/internal/cli/prompt.go:251.26,256.51 4 0
github.com/divyo-argha/git-user/internal/cli/prompt.go:256.51,257.59 1 0
github.com/divyo-argha/git-user/internal/cli/prompt.go:257.59,260.4 2 0
github.com/divyo-argha/git-user/internal/cli/prompt.go:263.2,263.41 1 0
github.com/divyo-argha/git-user/internal/cli/prompt.go:263.41,265.3 1 0
github.com/divyo-argha/git-user/internal/cli/prompt.go:267.2,267.56 1 0
github.com/divyo-argha/git-user/internal/cli/prompt.go:267.56,269.3 1 0
github.com/divyo-argha/git-user/internal/cli/prompt.go:271.2,280.64 2 0
github.com/divyo-argha/git-user/internal/cli/prompt.go:280.64,282.3 1 0
github.com/divyo-argha/git-user/internal/cli/prompt.go:284.2,286.12 3 0
github.com/divyo-argha/git-user/internal/cli/pubkey.go:13.37,15.16 2 1
github.com/divyo-argha/git-user/internal/cli/pubkey.go:15.16,18.3 2 0
github.com/divyo-argha/git-user/internal/cli/pubkey.go:20.2,21.19 2 1
github.com/divyo-argha/git-user/internal/cli/pubkey.go:21.19,23.3 1 1
github.com/divyo-argha/git-user/internal/cli/pubkey.go:25.2,25.16 1 1
github.com/divyo-argha/git-user/internal/cli/pubkey.go:25.16,28.3 2 1
github.com/divyo-argha/git-user/internal/cli/pubkey.go:31.2,31.27 1 1
github.com/divyo-argha/git-user/internal/cli/pubkey.go:31.27,34.3 2 1
github.com/divyo-argha/git-user/internal/cli/pubkey.go:36.2,37.17 2 1
github.com/divyo-argha/git-user/internal/cli/pubkey.go:37.17,40.3 2 0
github.com/divyo-argha/git-user/internal/cli/pubkey.go:42.2,42.23 1 1
github.com/divyo-argha/git-user/internal/cli/pubkey.go:42.23,46.3 3 1
github.com/divyo-argha/git-user/internal/cli/pubkey.go:48.2,50.16 3 1
github.com/divyo-argha/git-user/internal/cli/pubkey.go:50.16,53.3 2 1
github.com/divyo-argha/git-user/internal/cli/pubkey.go:56.2,57.16 2 1
github.com/divyo-argha/git-user/internal/cli/pubkey.go:57.16,60.3 2 0
github.com/divyo-argha/git-user/internal/cli/pubkey.go:62.2,79.12 17 1
github.com/divyo-argha/git-user/internal/cli/pushkey.go:19.41,21.16 2 1
github.com/divyo-argha/git-user/internal/cli/pushkey.go:21.16,24.3 2 0
github.com/divyo-argha/git-user/internal/cli/pushkey.go:26.2,27.17 2 1
github.com/divyo-argha/git-user/internal/cli/pushkey.go:27.17,30.3 2 1
github.com/divyo-argha/git-user/internal/cli/pushkey.go:32.2,32.23 1 1
github.com/divyo-argha/git-user/internal/cli/pushkey.go:32.23,36.3 3 1
github.com/divyo-argha/git-user/internal/cli/pushkey.go:38.2,40.16 3 0
github.com/divyo-argha/git-user/internal/cli/pushkey.go:40.16,43.3 2 0
github.com/divyo-argha/git-user/internal/cli/pushkey.go:44.2,49.19 4 0
github.com/divyo-argha/git-user/internal/cli/pushkey.go:49.19,51.3 1 0
github.com/divyo-argha/git-user/internal/cli/pushkey.go:51.8,54.3 1 0
github.com/divyo-argha/git-user/internal/cli/pushkey.go:56.2,56.77 1 0
github.com/divyo-argha/git-user/internal/cli/pushkey.go:56.77,63.29 2 0
github.com/divyo-argha/git-user/internal/cli/pushkey.go:63.29,66.4 2 0
github.com/divyo-argha/git-user/internal/cli/pushkey.go:67.3,68.28 2 0
github.com/divyo-argha/git-user/internal/cli/pushkey.go:71.2,71.18 1 0
github.com/divyo-argha/git-user/internal/cli/pushkey.go:72.16,73.53 1 0
github.com/divyo-argha/git-user/internal/cli/pushkey.go:74.16,75.71 1 0
github.com/divyo-argha/git-user/internal/cli/pushkey.go:76.19,77.44 1 0
github.com/divyo-argha/git-user/internal/cli/pushkey.go:78.10,79.44 1 0
github.com/divyo-argha/git-user/internal/cli/pushkey.go:83.51,85.21 2 1
github.com/divyo-argha/git-user/internal/cli/pushkey.go:85.21,87.3 1 1
github.com/divyo-argha/git-user/internal/cli/pushkey.go:88.2,89.16 2 1
github.com/divyo-argha/git-user/internal/cli/pushkey.go:89.16,91.3 1 0
github.com/divyo-argha/git-user/internal/cli/pushkey.go:92.2,92.28 1 1
github.com/divyo-argha/git-user/internal/cli/pushkey.go:92.28,94.17 2 1
github.com/divyo-argha/git-user/internal/cli/pushkey.go:94.17,95.12 1 0
github.com/divyo-argha/git-user/internal/cli/pushkey.go:97.3,98.47 2 1
github.com/divyo-argha/git-user/internal/cli/pushkey.go:98.47,100.4 1 1
github.com/divyo-argha/git-user/internal/cli/pushkey.go:101.3,101.97 1 1
github.com/divyo-argha/git-user/internal/cli/pushkey.go:101.97,103.4 1 1
github.com/divyo-argha/git-user/internal/cli/pushkey.go:104.3,104.47 1 1
github.com/divyo-argha/git-user/internal/cli/pushkey.go:104.47,106.4 1 0
github.com/divyo-argha/git-user/internal/cli/pushkey.go:108.3,108.43 1 1
github.com/divyo-argha/git-user/internal/cli/pushkey.go:108.43,111.18 2 1
github.com/divyo-argha/git-user/internal/cli/pushkey.go:111.18,113.5 1 1
github.com/divyo-argha/git-user/internal/cli/pushkey.go:116.2,116.24 1 0
github.com/divyo-argha/git-user/internal/cli/pushkey.go:119.43,123.38 3 1
github.com/divyo-argha/git-user/internal/cli/pushkey.go:123.38,125.22 2 0
github.com/divyo-argha/git-user/internal/cli/pushkey.go:125.22,128.4 2 0
github.com/divyo-argha/git-user/internal/cli/pushkey.go:131.2,132.17 2 1
github.com/divyo-argha/git-user/internal/cli/pushkey.go:135.65,137.47 1 0
github.com/divyo-argha/git-user/internal/cli/pushkey.go:137.47,139.35 2 0
github.com/divyo-argha/git-user/internal/cli/pushkey.go:139.35,143.18 4 0
github.com/divyo-argha/git-user/internal/cli/pushkey.go:143.18,146.5 2 0
github.com/divyo-argha/git-user/internal/cli/pushkey.go:147.4,147.113 1 0
github.com/divyo-argha/git-user/internal/cli/pushkey.go:152.2,153.31 2 0
github.com/divyo-argha/git-user/internal/cli/pushkey.go:153.31,156.3 2 0
github.com/divyo-argha/git-user/internal/cli/pushkey.go:158.2,165.16 4 0
github.com/divyo-argha/git-user/internal/cli/pushkey.go:165.16,167.3 1 0
github.com/divyo-argha/git-user/internal/cli/pushkey.go:168.2,175.16 7 0
github.com/divyo-argha/git-user/internal/cli/pushkey.go:175.16,178.3 2 0
github.com/divyo-argha/git-user/internal/cli/pushkey.go:179.2,181.43 2 0
github.com/divyo-argha/git-user/internal/cli/pushkey.go:181.43,184.3 2 0
github.com/divyo-argha/git-user/internal/cli/pushkey.go:186.2,188.102 3 0
github.com/divyo-argha/git-user/internal/cli/pushkey.go:188.102,191.3 2 0
github.com/divyo-argha/git-user/internal/cli/pushkey.go:193.2,194.40 2 0
github.com/divyo-argha/git-user/internal/cli/pushkey.go:197.71,199.26 1 0
github.com/divyo-argha/git-user/internal/cli/pushkey.go:199.26,200.50 1 0
github.com/divyo-argha/git-user/internal/cli/pushkey.go:200.50,202.36 2 0
github.com/divyo-argha/git-user/internal/cli/pushkey.go:202.36,206.19 4 0
github.com/divyo-argha/git-user/internal/cli/pushkey.go:206.19,209.6 2 0
github.com/divyo-argha/git-user/internal/cli/pushkey.go:210.5,210.116 1 0
github.com/divyo-argha/git-user/internal/cli/pushkey.go:215.2,216.31 2 0
github.com/divyo-argha/git-user/internal/cli/pushkey.go:216.31,219.3 2 0
github.com/divyo-argha/git-user/internal/cli/pushkey.go:221.2,229.16 5 0
github.com/divyo-argha/git-user/internal/cli/pushkey.go:229.16,231.3 1 0
github.com/divyo-argha/git-user/internal/cli/pushkey.go:232.2,237.16 5 0
github.com/divyo-argha/git-user/internal/cli/pushkey.go:237.16,240.3 2 0
github.com/divyo-argha/git-user/internal/cli/pushkey.go:241.2,243.43 2 0
github.com/divyo-argha/git-user/internal/cli/pushkey.go:243.43,246.3 2 0
github.com/divyo-argha/git-user/internal/cli/pushkey.go:248.2,250.101 3 0
github.com/divyo-argha/git-user/internal/cli/pushkey.go:250.101,253.3 2 0
github.com/divyo-argha/git-user/internal/cli/pushkey.go:255.2,256.40 2 0
github.com/divyo-argha/git-user/internal/cli/pushkey.go:259.56,261.34 2 0
github.com/divyo-argha/git-user/internal/cli/pushkey.go:261.34,264.3 2 0
github.com/divyo-argha/git-user/internal/cli/pushkey.go:266.2,267.34 2 0
github.com/divyo-argha/git-user/internal/cli/pushkey.go:267.34,270.3 2 0
github.com/divyo-argha/git-user/internal/cli/pushkey.go:272.2,280.16 5 0
github.com/divyo-argha/git-user/internal/cli/pushkey.go:280.16,282.3 1 0
github.com/divyo-argha/git-user/internal/cli/pushkey.go:283.2,288.16 5 0
github.com/divyo-argha/git-user/internal/cli/pushkey.go:288.16,291.3 2 0
github.com/divyo-argha/git-user/internal/cli/pushkey.go:292.2,294.43 2 0
github.com/divyo-argha/git-user/internal/cli/pushkey.go:294.43,297.3 2 0
github.com/divyo-argha/git-user/internal/cli/pushkey.go:299.2,301.96 3 0
github.com/divyo-argha/git-user/internal/cli/pushkey.go:301.96,304.3 2 0
github.com/divyo-argha/git-user/internal/cli/pushkey.go:306.2,307.40 2 0
github.com/divyo-argha/git-user/internal/cli/register.go:12.38,16.2 3 1
github.com/divyo-argha/git-user/internal/cli/register.go:18.39,23.33 4 1
github.com/divyo-argha/git-user/internal/cli/register.go:23.33,24.18 1 1
github.com/divyo-argha/git-user/internal/cli/register.go:25.23,26.23 1 1
github.com/divyo-argha/git-user/internal/cli/register.go:26.23,29.5 2 1
github.com/divyo-argha/git-user/internal/cli/register.go:30.24,31.23 1 1
github.com/divyo-argha/git-user/internal/cli/register.go:31.23,34.5 2 1
github.com/divyo-argha/git-user/internal/cli/register.go:35.29,36.23 1 0
github.com/divyo-argha/git-user/internal/cli/register.go:36.23,39.5 2 0
github.com/divyo-argha/git-user/internal/cli/register.go:40.23,41.17 1 0
github.com/divyo-argha/git-user/internal/cli/register.go:45.2,48.16 3 1
github.com/divyo-argha/git-user/internal/cli/register.go:48.16,50.17 2 1
github.com/divyo-argha/git-user/internal/cli/register.go:50.17,52.4 1 0
github.com/divyo-argha/git-user/internal/cli/register.go:53.3,53.17 1 1
github.com/divyo-argha/git-user/internal/cli/register.go:53.17,56.4 2 0
github.com/divyo-argha/git-user/internal/cli/register.go:59.2,59.17 1 1
github.com/divyo-argha/git-user/internal/cli/register.go:59.17,61.17 2 1
github.com/divyo-argha/git-user/internal/cli/register.go:61.17,63.4 1 0
github.com/divyo-argha/git-user/internal/cli/register.go:64.3,64.18 1 1
github.com/divyo-argha/git-user/internal/cli/register.go:64.18,67.4 2 0
github.com/divyo-argha/git-user/internal/cli/register.go:70.2,70.27 1 1
github.com/divyo-argha/git-user/internal/cli/register.go:70.27,73.17 3 0
github.com/divyo-argha/git-user/internal/cli/register.go:73.17,75.4 1 0
github.com/divyo-argha/git-user/internal/cli/register.go:78.2,79.16 2 1
github.com/divyo-argha/git-user/internal/cli/register.go:79.16,82.3 2 0
github.com/divyo-argha/git-user/internal/cli/register.go:84.2,84.29 1 1
github.com/divyo-argha/git-user/internal/cli/register.go:84.29,87.3 2 0
github.com/divyo-argha/git-user/internal/cli/register.go:89.2,89.31 1 1
github.com/divyo-argha/git-user/internal/cli/register.go:89.31,92.3 2 0
github.com/divyo-argha/git-user/internal/cli/register.go:94.2,94.51 1 1
github.com/divyo-argha/git-user/internal/cli/register.go:94.51,97.3 2 0
github.com/divyo-argha/git-user/internal/cli/register.go:99.2,99.12 1 1
github.com/divyo-argha/git-user/internal/cli/register.go:99.12,101.15 2 0
github.com/divyo-argha/git-user/internal/cli/register.go:101.15,103.4 1 0
github.com/divyo-argha/git-user/internal/cli/register.go:106.2,115.16 5 1
github.com/divyo-argha/git-user/internal/cli/register.go:115.16,117.3 1 0
github.com/divyo-argha/git-user/internal/cli/register.go:119.2,121.13 2 1
github.com/divyo-argha/git-user/internal/cli/register.go:122.9,124.17 2 0
github.com/divyo-argha/git-user/internal/cli/register.go:124.17,126.4 1 0
github.com/divyo-argha/git-user/internal/cli/register.go:128.9,130.34 2 1
github.com/divyo-argha/git-user/internal/cli/register.go:130.34,132.51 2 1
github.com/divyo-argha/git-user/internal/cli/register.go:132.51,135.5 2 1
github.com/divyo-argha/git-user/internal/cli/register.go:135.10,138.5 2 0
github.com/divyo-argha/git-user/internal/cli/register.go:141.9,143.88 2 1
github.com/divyo-argha/git-user/internal/cli/register.go:145.10,147.88 2 0
github.com/divyo-argha/git-user/internal/cli/register.go:150.2,150.22 1 1
github.com/divyo-argha/git-user/internal/cli/register.go:150.22,151.60 1 1
github.com/divyo-argha/git-user/internal/cli/register.go:151.60,153.4 1 0
github.com/divyo-argha/git-user/internal/cli/register.go:154.3,155.111 2 1
github.com/divyo-argha/git-user/internal/cli/register.go:155.111,156.71 1 1
github.com/divyo-argha/git-user/internal/cli/register.go:156.71,158.5 1 0
github.com/divyo-argha/git-user/internal/cli/register.go:158.10,160.5 1 1
github.com/divyo-argha/git-user/internal/cli/register.go:161.9,163.4 1 0
github.com/divyo-argha/git-user/internal/cli/register.go:166.2,166.43 1 1
github.com/divyo-argha/git-user/internal/cli/register.go:166.43,169.3 2 0
github.com/divyo-argha/git-user/internal/cli/register.go:171.2,174.22 4 1
github.com/divyo-argha/git-user/internal/cli/register.go:174.22,176.3 1 1
github.com/divyo-argha/git-user/internal/cli/register.go:177.2,181.12 4 1
github.com/divyo-argha/git-user/internal/cli/rekey.go:14.36,17.27 3 1
github.com/divyo-argha/git-user/internal/cli/rekey.go:17.27,18.71 1 1
github.com/divyo-argha/git-user/internal/cli/rekey.go:18.71,20.4 1 0
github.com/divyo-argha/git-user/internal/cli/rekey.go:20.9,20.42 1 1
github.com/divyo-argha/git-user/internal/cli/rekey.go:20.42,22.4 1 1
github.com/divyo-argha/git-user/internal/cli/rekey.go:25.2,25.16 1 1
github.com/divyo-argha/git-user/internal/cli/rekey.go:25.16,28.3 2 1
github.com/divyo-argha/git-user/internal/cli/rekey.go:30.2,31.16 2 1
github.com/divyo-argha/git-user/internal/cli/rekey.go:31.16,34.3 2 0
github.com/divyo-argha/git-user/internal/cli/rekey.go:36.2,37.17 2 1
github.com/divyo-argha/git-user/internal/cli/rekey.go:37.17,40.3 2 1
github.com/divyo-argha/git-user/internal/cli/rekey.go:42.2,42.12 1 1
github.com/divyo-argha/git-user/internal/cli/rekey.go:42.12,46.104 4 1
github.com/divyo-argha/git-user/internal/cli/rekey.go:46.104,49.4 2 1
github.com/divyo-argha/git-user/internal/cli/rekey.go:52.2,58.50 5 0
github.com/divyo-argha/git-user/internal/cli/rekey.go:58.50,61.3 2 0
github.com/divyo-argha/git-user/internal/cli/rekey.go:63.2,65.44 3 0
github.com/divyo-argha/git-user/internal/cli/rekey.go:65.44,68.56 3 0
github.com/divyo-argha/git-user/internal/cli/rekey.go:68.56,71.4 2 0
github.com/divyo-argha/git-user/internal/cli/rekey.go:72.3,73.48 2 0
github.com/divyo-argha/git-user/internal/cli/rekey.go:73.48,75.4 1 0
github.com/divyo-argha/git-user/internal/cli/rekey.go:78.2,85.34 7 0
github.com/divyo-argha/git-user/internal/cli/rekey.go:85.34,86.16 1 0
github.com/divyo-argha/git-user/internal/cli/rekey.go:86.16,90.4 3 0
github.com/divyo-argha/git-user/internal/cli/rekey.go:91.3,92.13 2 0
github.com/divyo-argha/git-user/internal/cli/rekey.go:95.2,100.16 5 0
github.com/divyo-argha/git-user/internal/cli/rekey.go:100.16,103.3 2 0
github.com/divyo-argha/git-user/internal/cli/rekey.go:105.2,117.60 11 0
github.com/divyo-argha/git-user/internal/cli/rekey.go:117.60,120.3 2 0
github.com/divyo-argha/git-user/internal/cli/rekey.go:120.8,122.3 1 0
github.com/divyo-argha/git-user/internal/cli/rekey.go:124.2,124.56 1 0
github.com/divyo-argha/git-user/internal/cli/rekey.go:124.56,127.3 2 0
github.com/divyo-argha/git-user/internal/cli/rekey.go:129.2,129.43 1 0
github.com/divyo-argha/git-user/internal/cli/rekey.go:129.43,132.3 2 0
github.com/divyo-argha/git-user/internal/cli/rekey.go:134.2,136.12 3 0
github.com/divyo-argha/git-user/internal/cli/remove.go:12.37,15.25 3 1
github.com/divyo-argha/git-user/internal/cli/remove.go:15.25,16.34 1 1
github.com/divyo-argha/git-user/internal/cli/remove.go:16.34,18.4 1 1
github.com/divyo-argha/git-user/internal/cli/remove.go:18.9,20.4 1 1
github.com/divyo-argha/git-user/internal/cli/remove.go:22.2,24.19 2 1
github.com/divyo-argha/git-user/internal/cli/remove.go:24.19,27.3 2 1
github.com/divyo-argha/git-user/internal/cli/remove.go:29.2,32.16 3 1
github.com/divyo-argha/git-user/internal/cli/remove.go:32.16,35.3 2 0
github.com/divyo-argha/git-user/internal/cli/remove.go:37.2,38.17 2 1
github.com/divyo-argha/git-user/internal/cli/remove.go:38.17,41.3 2 1
github.com/divyo-argha/git-user/internal/cli/remove.go:42.2,44.54 2 1
github.com/divyo-argha/git-user/internal/cli/remove.go:44.54,47.3 2 1
github.com/divyo-argha/git-user/internal/cli/remove.go:49.2,51.43 2 1
github.com/divyo-argha/git-user/internal/cli/remove.go:51.43,54.3 2 0
github.com/divyo-argha/git-user/internal/cli/remove.go:56.2,58.18 2 1
github.com/divyo-argha/git-user/internal/cli/remove.go:58.18,59.72 1 1
github.com/divyo-argha/git-user/internal/cli/remove.go:59.72,63.4 3 1
github.com/divyo-argha/git-user/internal/cli/remove.go:66.2,66.25 1 1
github.com/divyo-argha/git-user/internal/cli/remove.go:66.25,68.3 1 1
github.com/divyo-argha/git-user/internal/cli/remove.go:69.2,69.12 1 1
github.com/divyo-argha/git-user/internal/cli/root.go:75.13,76.50 1 1
github.com/divyo-argha/git-user/internal/cli/root.go:76.50,78.23 2 0
github.com/divyo-argha/git-user/internal/cli/root.go:78.23,80.4 1 0
github.com/divyo-argha/git-user/internal/cli/root.go:82.3,82.77 1 0
github.com/divyo-argha/git-user/internal/cli/root.go:82.77,84.4 1 0
github.com/divyo-argha/git-user/internal/cli/root.go:84.9,84.121 1 0
github.com/divyo-argha/git-user/internal/cli/root.go:84.121,86.4 1 0
github.com/divyo-argha/git-user/internal/cli/root.go:86.9,87.58 1 0
github.com/divyo-argha/git-user/internal/cli/root.go:87.58,89.5 1 0
github.com/divyo-argha/git-user/internal/cli/root.go:89.10,89.69 1 0
github.com/divyo-argha/git-user/internal/cli/root.go:89.69,91.5 1 0
github.com/divyo-argha/git-user/internal/cli/root.go:91.10,93.5 1 0
github.com/divyo-argha/git-user/internal/cli/root.go:95.3,95.13 1 0
github.com/divyo-argha/git-user/internal/cli/root.go:99.22,104.19 3 1
github.com/divyo-argha/git-user/internal/cli/root.go:104.19,106.3 1 1
github.com/divyo-argha/git-user/internal/cli/root.go:108.2,108.37 1 1
github.com/divyo-argha/git-user/internal/cli/root.go:108.37,109.53 1 1
github.com/divyo-argha/git-user/internal/cli/root.go:109.53,111.4 1 0
github.com/divyo-argha/git-user/internal/cli/root.go:114.2,114.20 1 1
github.com/divyo-argha/git-user/internal/cli/root.go:114.20,115.18 1 0
github.com/divyo-argha/git-user/internal/cli/root.go:115.18,118.4 2 0
github.com/divyo-argha/git-user/internal/cli/root.go:119.3,119.18 1 0
github.com/divyo-argha/git-user/internal/cli/root.go:122.2,122.65 1 1
github.com/divyo-argha/git-user/internal/cli/root.go:122.65,126.3 3 0
github.com/divyo-argha/git-user/internal/cli/root.go:128.2,128.50 1 1
github.com/divyo-argha/git-user/internal/cli/root.go:128.50,130.3 1 0
github.com/divyo-argha/git-user/internal/cli/root.go:132.2,132.47 1 1
github.com/divyo-argha/git-user/internal/cli/root.go:132.47,135.3 2 0
github.com/divyo-argha/git-user/internal/cli/root.go:137.2,140.13 3 1
github.com/divyo-argha/git-user/internal/cli/root.go:141.25,142.27 1 1
github.com/divyo-argha/git-user/internal/cli/root.go:143.20,144.23 1 1
github.com/divyo-argha/git-user/internal/cli/root.go:145.22,146.25 1 0
github.com/divyo-argha/git-user/internal/cli/root.go:147.17,148.26 1 0
github.com/divyo-argha/git-user/internal/cli/root.go:149.16,150.25 1 0
github.com/divyo-argha/git-user/internal/cli/root.go:151.22,152.25 1 0
github.com/divyo-argha/git-user/internal/cli/root.go:153.14,154.23 1 0
github.com/divyo-argha/git-user/internal/cli/root.go:155.16,156.41 1 0
github.com/divyo-argha/git-user/internal/cli/root.go:156.41,158.4 1 0
github.com/divyo-argha/git-user/internal/cli/root.go:159.3,159.25 1 0
github.com/divyo-argha/git-user/internal/cli/root.go:160.14,161.23 1 0
github.com/divyo-argha/git-user/internal/cli/root.go:162.19,163.27 1 0
github.com/divyo-argha/git-user/internal/cli/root.go:164.21,165.29 1 0
github.com/divyo-argha/git-user/internal/cli/root.go:166.20,167.29 1 0
github.com/divyo-argha/git-user/internal/cli/root.go:168.15,169.24 1 0
github.com/divyo-argha/git-user/internal/cli/root.go:170.14,171.23 1 0
github.com/divyo-argha/git-user/internal/cli/root.go:172.20,173.28 1 0
github.com/divyo-argha/git-user/internal/cli/root.go:174.16,175.25 1 0
github.com/divyo-argha/git-user/internal/cli/root.go:176.25,177.33 1 0
github.com/divyo-argha/git-user/internal/cli/root.go:178.16,179.25 1 0
github.com/divyo-argha/git-user/internal/cli/root.go:180.16,181.25 1 0
github.com/divyo-argha/git-user/internal/cli/root.go:182.36,183.18 1 0
github.com/divyo-argha/git-user/internal/cli/root.go:184.20,185.29 1 0
github.com/divyo-argha/git-user/internal/cli/root.go:186.14,187.23 1 0
github.com/divyo-argha/git-user/internal/cli/root.go:188.18,189.32 1 0
github.com/divyo-argha/git-user/internal/cli/root.go:190.33,191.25 1 0
github.com/divyo-argha/git-user/internal/cli/root.go:192.15,193.24 1 0
github.com/divyo-argha/git-user/internal/cli/root.go:194.15,195.24 1 0
github.com/divyo-argha/git-user/internal/cli/root.go:196.16,197.25 1 0
github.com/divyo-argha/git-user/internal/cli/root.go:198.14,199.23 1 0
github.com/divyo-argha/git-user/internal/cli/root.go:200.10,202.28 1 0
github.com/divyo-argha/git-user/internal/cli/root.go:202.28,204.4 1 0
github.com/divyo-argha/git-user/internal/cli/root.go:205.3,206.39 2 0
github.com/divyo-argha/git-user/internal/cli/root.go:211.27,213.16 2 0
github.com/divyo-argha/git-user/internal/cli/root.go:213.16,216.3 2 0
github.com/divyo-argha/git-user/internal/cli/root.go:218.2,221.70 4 0
github.com/divyo-argha/git-user/internal/cli/security.go:15.44,23.45 6 0
github.com/divyo-argha/git-user/internal/cli/security.go:23.45,25.19 2 0
github.com/divyo-argha/git-user/internal/cli/security.go:25.19,29.4 3 0
github.com/divyo-argha/git-user/internal/cli/security.go:29.9,31.4 1 0
github.com/divyo-argha/git-user/internal/cli/security.go:34.2,35.16 2 0
github.com/divyo-argha/git-user/internal/cli/security.go:35.16,36.27 1 0
github.com/divyo-argha/git-user/internal/cli/security.go:36.27,40.4 3 0
github.com/divyo-argha/git-user/internal/cli/security.go:42.3,42.36 1 0
github.com/divyo-argha/git-user/internal/cli/security.go:42.36,45.25 2 0
github.com/divyo-argha/git-user/internal/cli/security.go:45.25,49.13 4 0
github.com/divyo-argha/git-user/internal/cli/security.go:52.4,53.18 2 0
github.com/divyo-argha/git-user/internal/cli/security.go:53.18,56.13 3 0
github.com/divyo-argha/git-user/internal/cli/security.go:59.4,60.20 2 0
github.com/divyo-argha/git-user/internal/cli/security.go:60.20,64.5 3 0
github.com/divyo-argha/git-user/internal/cli/security.go:64.10,66.5 1 0
github.com/divyo-argha/git-user/internal/cli/security.go:68.4,69.18 2 0
github.com/divyo-argha/git-user/internal/cli/security.go:69.18,73.5 3 0
github.com/divyo-argha/git-user/internal/cli/security.go:73.10,73.24 1 0
github.com/divyo-argha/git-user/internal/cli/security.go:73.24,75.5 1 0
github.com/divyo-argha/git-user/internal/cli/security.go:75.10,79.5 3 0
github.com/divyo-argha/git-user/internal/cli/security.go:81.4,81.17 1 0
github.com/divyo-argha/git-user/internal/cli/security.go:85.2,88.17 3 0
github.com/divyo-argha/git-user/internal/cli/security.go:88.17,90.3 1 0
github.com/divyo-argha/git-user/internal/cli/security.go:90.8,92.3 1 0
github.com/divyo-argha/git-user/internal/cli/security.go:94.2,113.12 19 0
github.com/divyo-argha/git-user/internal/cli/security.go:116.64,118.16 2 1
github.com/divyo-argha/git-user/internal/cli/security.go:118.16,120.3 1 1
github.com/divyo-argha/git-user/internal/cli/security.go:122.2,123.16 2 1
github.com/divyo-argha/git-user/internal/cli/security.go:123.16,125.3 1 1
github.com/divyo-argha/git-user/internal/cli/security.go:127.2,128.36 2 1
github.com/divyo-argha/git-user/internal/cli/security.go:128.36,130.3 1 1
github.com/divyo-argha/git-user/internal/cli/security.go:132.2,132.19 1 1
github.com/divyo-argha/git-user/internal/cli/sign.go:12.35,16.33 3 1
github.com/divyo-argha/git-user/internal/cli/sign.go:16.33,17.18 1 1
github.com/divyo-argha/git-user/internal/cli/sign.go:18.16,19.23 1 1
github.com/divyo-argha/git-user/internal/cli/sign.go:19.23,22.5 2 1
github.com/divyo-argha/git-user/internal/cli/sign.go:23.19,24.23 1 1
github.com/divyo-argha/git-user/internal/cli/sign.go:24.23,27.5 2 1
github.com/divyo-argha/git-user/internal/cli/sign.go:28.15,29.13 1 1
github.com/divyo-argha/git-user/internal/cli/sign.go:30.16,31.14 1 1
github.com/divyo-argha/git-user/internal/cli/sign.go:32.11,33.40 1 1
github.com/divyo-argha/git-user/internal/cli/sign.go:33.40,35.5 1 1
github.com/divyo-argha/git-user/internal/cli/sign.go:39.2,39.16 1 1
github.com/divyo-argha/git-user/internal/cli/sign.go:39.16,42.3 2 0
github.com/divyo-argha/git-user/internal/cli/sign.go:44.2,45.16 2 1
github.com/divyo-argha/git-user/internal/cli/sign.go:45.16,48.3 2 0
github.com/divyo-argha/git-user/internal/cli/sign.go:50.2,51.17 2 1
github.com/divyo-argha/git-user/internal/cli/sign.go:51.17,54.3 2 0
github.com/divyo-argha/git-user/internal/cli/sign.go:56.2,56.9 1 1
github.com/divyo-argha/git-user/internal/cli/sign.go:56.9,58.44 2 1
github.com/divyo-argha/git-user/internal/cli/sign.go:58.44,61.4 2 0
github.com/divyo-argha/git-user/internal/cli/sign.go:62.3,63.28 2 1
github.com/divyo-argha/git-user/internal/cli/sign.go:63.28,66.4 2 0
github.com/divyo-argha/git-user/internal/cli/sign.go:67.3,67.13 1 1
github.com/divyo-argha/git-user/internal/cli/sign.go:70.2,70.21 1 1
github.com/divyo-argha/git-user/internal/cli/sign.go:70.21,71.16 1 1
github.com/divyo-argha/git-user/internal/cli/sign.go:71.16,73.25 1 1
github.com/divyo-argha/git-user/internal/cli/sign.go:73.25,75.21 2 1
github.com/divyo-argha/git-user/internal/cli/sign.go:75.21,77.6 1 1
github.com/divyo-argha/git-user/internal/cli/sign.go:78.5,78.69 1 1
github.com/divyo-argha/git-user/internal/cli/sign.go:79.10,82.5 2 0
github.com/divyo-argha/git-user/internal/cli/sign.go:85.3,85.19 1 1
github.com/divyo-argha/git-user/internal/cli/sign.go:85.19,86.104 1 0
github.com/divyo-argha/git-user/internal/cli/sign.go:86.104,88.5 1 0
github.com/divyo-argha/git-user/internal/cli/sign.go:88.10,90.5 1 0
github.com/divyo-argha/git-user/internal/cli/sign.go:93.3,93.22 1 1
github.com/divyo-argha/git-user/internal/cli/sign.go:93.22,95.4 1 1
github.com/divyo-argha/git-user/internal/cli/sign.go:97.3,98.44 2 1
github.com/divyo-argha/git-user/internal/cli/sign.go:98.44,101.4 2 0
github.com/divyo-argha/git-user/internal/cli/sign.go:103.3,106.28 3 1
github.com/divyo-argha/git-user/internal/cli/sign.go:106.28,107.60 1 0
github.com/divyo-argha/git-user/internal/cli/sign.go:107.60,109.5 1 0
github.com/divyo-argha/git-user/internal/cli/sign.go:109.10,111.5 1 0
github.com/divyo-argha/git-user/internal/cli/sign.go:113.3,113.13 1 1
github.com/divyo-argha/git-user/internal/cli/sign.go:117.2,117.45 1 0
github.com/divyo-argha/git-user/internal/cli/sign.go:117.45,119.3 1 0
github.com/divyo-argha/git-user/internal/cli/sign.go:119.8,123.3 3 0
github.com/divyo-argha/git-user/internal/cli/sign.go:125.2,125.12 1 0
github.com/divyo-argha/git-user/internal/cli/stats.go:20.36,21.21 1 1
github.com/divyo-argha/git-user/internal/cli/stats.go:21.21,24.3 2 1
github.com/divyo-argha/git-user/internal/cli/stats.go:26.2,27.16 2 1
github.com/divyo-argha/git-user/internal/cli/stats.go:27.16,30.3 2 0
github.com/divyo-argha/git-user/internal/cli/stats.go:32.2,38.16 5 1
github.com/divyo-argha/git-user/internal/cli/stats.go:38.16,41.3 2 0
github.com/divyo-argha/git-user/internal/cli/stats.go:43.2,45.29 3 1
github.com/divyo-argha/git-user/internal/cli/stats.go:45.29,47.20 2 1
github.com/divyo-argha/git-user/internal/cli/stats.go:47.20,49.4 1 1
github.com/divyo-argha/git-user/internal/cli/stats.go:52.2,52.22 1 1
github.com/divyo-argha/git-user/internal/cli/stats.go:52.22,55.3 2 0
github.com/divyo-argha/git-user/internal/cli/stats.go:57.2,58.41 2 1
github.com/divyo-argha/git-user/internal/cli/stats.go:58.41,61.54 3 1
github.com/divyo-argha/git-user/internal/cli/stats.go:61.54,64.4 2 1
github.com/divyo-argha/git-user/internal/cli/stats.go:65.3,69.5 1 1
github.com/divyo-argha/git-user/internal/cli/stats.go:73.2,73.40 1 1
github.com/divyo-argha/git-user/internal/cli/stats.go:73.40,75.3 1 0
github.com/divyo-argha/git-user/internal/cli/stats.go:77.2,82.26 4 1
github.com/divyo-argha/git-user/internal/cli/stats.go:82.26,85.25 3 1
github.com/divyo-argha/git-user/internal/cli/stats.go:85.25,87.4 1 1
github.com/divyo-argha/git-user/internal/cli/stats.go:87.9,90.4 2 0
github.com/divyo-argha/git-user/internal/cli/stats.go:92.3,92.120 1 1
github.com/divyo-argha/git-user/internal/cli/stats.go:95.2,99.21 4 1
github.com/divyo-argha/git-user/internal/cli/stats.go:99.21,103.3 3 0
github.com/divyo-argha/git-user/internal/cli/stats.go:103.8,105.3 1 1
github.com/divyo-argha/git-user/internal/cli/stats.go:107.2,107.12 1 1
github.com/divyo-argha/git-user/internal/cli/stats.go:113.70,114.29 1 1
github.com/divyo-argha/git-user/internal/cli/stats.go:114.29,115.36 1 1
github.com/divyo-argha/git-user/internal/cli/stats.go:115.36,117.4 1 1
github.com/divyo-argha/git-user/internal/cli/stats.go:119.2,119.12 1 0
github.com/divyo-argha/git-user/internal/cli/switch.go:15.37,18.25 3 1
github.com/divyo-argha/git-user/internal/cli/switch.go:18.25,19.34 1 1
github.com/divyo-argha/git-user/internal/cli/switch.go:19.34,21.4 1 1
github.com/divyo-argha/git-user/internal/cli/switch.go:21.9,23.4 1 1
github.com/divyo-argha/git-user/internal/cli/switch.go:25.2,27.19 2 1
github.com/divyo-argha/git-user/internal/cli/switch.go:27.19,30.3 2 1
github.com/divyo-argha/git-user/internal/cli/switch.go:32.2,32.34 1 1
github.com/divyo-argha/git-user/internal/cli/switch.go:32.34,35.3 2 0
github.com/divyo-argha/git-user/internal/cli/switch.go:38.2,38.29 1 1
github.com/divyo-argha/git-user/internal/cli/switch.go:38.29,40.3 1 1
github.com/divyo-argha/git-user/internal/cli/switch.go:42.2,48.21 6 1
github.com/divyo-argha/git-user/internal/cli/switch.go:48.21,51.34 3 1
github.com/divyo-argha/git-user/internal/cli/switch.go:51.34,52.19 1 1
github.com/divyo-argha/git-user/internal/cli/switch.go:53.30,54.24 1 1
github.com/divyo-argha/git-user/internal/cli/switch.go:54.24,57.6 2 1
github.com/divyo-argha/git-user/internal/cli/switch.go:58.24,59.18 1 1
github.com/divyo-argha/git-user/internal/cli/switch.go:60.12,61.43 1 1
github.com/divyo-argha/git-user/internal/cli/switch.go:64.3,64.25 1 1
github.com/divyo-argha/git-user/internal/cli/switch.go:64.25,67.4 2 0
github.com/divyo-argha/git-user/internal/cli/switch.go:68.3,69.25 2 1
github.com/divyo-argha/git-user/internal/cli/switch.go:69.25,71.4 1 1
github.com/divyo-argha/git-user/internal/cli/switch.go:72.8,74.3 1 1
github.com/divyo-argha/git-user/internal/cli/switch.go:76.2,76.24 1 1
github.com/divyo-argha/git-user/internal/cli/switch.go:76.24,79.3 2 0
github.com/divyo-argha/git-user/internal/cli/switch.go:81.2,82.16 2 1
github.com/divyo-argha/git-user/internal/cli/switch.go:82.16,85.3 2 0
github.com/divyo-argha/git-user/internal/cli/switch.go:88.2,90.16 2 1
github.com/divyo-argha/git-user/internal/cli/switch.go:90.16,91.34 1 1
github.com/divyo-argha/git-user/internal/cli/switch.go:91.34,94.4 2 0
github.com/divyo-argha/git-user/internal/cli/switch.go:96.3,96.79 1 1
github.com/divyo-argha/git-user/internal/cli/switch.go:96.79,98.4 1 0
github.com/divyo-argha/git-user/internal/cli/switch.go:100.3,100.27 1 1
github.com/divyo-argha/git-user/internal/cli/switch.go:103.2,104.17 2 1
github.com/divyo-argha/git-user/internal/cli/switch.go:104.17,109.3 4 1
github.com/divyo-argha/git-user/internal/cli/switch.go:112.2,112.50 1 1
github.com/divyo-argha/git-user/internal/cli/switch.go:112.50,113.47 1 1
github.com/divyo-argha/git-user/internal/cli/switch.go:113.47,114.60 1 1
github.com/divyo-argha/git-user/internal/cli/switch.go:114.60,117.5 2 0
github.com/divyo-argha/git-user/internal/cli/switch.go:118.4,118.68 1 1
github.com/divyo-argha/git-user/internal/cli/switch.go:118.68,120.5 1 0
github.com/divyo-argha/git-user/internal/cli/switch.go:121.4,121.24 1 1
github.com/divyo-argha/git-user/internal/cli/switch.go:121.24,124.26 3 1
github.com/divyo-argha/git-user/internal/cli/switch.go:124.26,128.6 3 0
github.com/divyo-argha/git-user/internal/cli/switch.go:129.5,129.52 1 1
github.com/divyo-argha/git-user/internal/cli/switch.go:136.2,136.23 1 1
github.com/divyo-argha/git-user/internal/cli/switch.go:136.23,137.57 1 1
github.com/divyo-argha/git-user/internal/cli/switch.go:137.57,140.4 2 1
github.com/divyo-argha/git-user/internal/cli/switch.go:144.2,144.23 1 1
github.com/divyo-argha/git-user/internal/cli/switch.go:144.23,147.66 3 1
github.com/divyo-argha/git-user/internal/cli/switch.go:147.66,152.28 4 1
github.com/divyo-argha/git-user/internal/cli/switch.go:152.28,153.92 1 1
github.com/divyo-argha/git-user/internal/cli/switch.go:153.92,154.51 1 1
github.com/divyo-argha/git-user/internal/cli/switch.go:154.51,158.7 3 1
github.com/divyo-argha/git-user/internal/cli/switch.go:158.12,161.7 2 0
github.com/divyo-argha/git-user/internal/cli/switch.go:165.4,165.18 1 1
github.com/divyo-argha/git-user/internal/cli/switch.go:165.18,168.19 3 0
github.com/divyo-argha/git-user/internal/cli/switch.go:168.19,170.6 1 0
github.com/divyo-argha/git-user/internal/cli/switch.go:171.5,171.55 1 0
github.com/divyo-argha/git-user/internal/cli/switch.go:171.55,174.6 2 0
github.com/divyo-argha/git-user/internal/cli/switch.go:175.5,175.29 1 0
github.com/divyo-argha/git-user/internal/cli/switch.go:175.29,177.6 1 0
github.com/divyo-argha/git-user/internal/cli/switch.go:181.4,181.35 1 1
github.com/divyo-argha/git-user/internal/cli/switch.go:181.35,182.80 1 0
github.com/divyo-argha/git-user/internal/cli/switch.go:182.80,184.6 1 0
github.com/divyo-argha/git-user/internal/cli/switch.go:184.11,186.6 1 0
github.com/divyo-argha/git-user/internal/cli/switch.go:191.2,191.15 1 1
github.com/divyo-argha/git-user/internal/cli/switch.go:191.15,192.69 1 1
github.com/divyo-argha/git-user/internal/cli/switch.go:192.69,195.4 2 0
github.com/divyo-argha/git-user/internal/cli/switch.go:197.3,197.56 1 1
github.com/divyo-argha/git-user/internal/cli/switch.go:197.56,199.4 1 0
github.com/divyo-argha/git-user/internal/cli/switch.go:201.3,201.47 1 1
github.com/divyo-argha/git-user/internal/cli/switch.go:201.47,202.89 1 0
github.com/divyo-argha/git-user/internal/cli/switch.go:202.89,204.5 1 0
github.com/divyo-argha/git-user/internal/cli/switch.go:205.9,207.4 1 1
github.com/divyo-argha/git-user/internal/cli/switch.go:209.3,209.47 1 1
github.com/divyo-argha/git-user/internal/cli/switch.go:209.47,210.37 1 1
github.com/divyo-argha/git-user/internal/cli/switch.go:210.37,212.5 1 0
github.com/divyo-argha/git-user/internal/cli/switch.go:214.3,214.39 1 1
github.com/divyo-argha/git-user/internal/cli/switch.go:214.39,216.4 1 0
github.com/divyo-argha/git-user/internal/cli/switch.go:218.3,219.47 2 1
github.com/divyo-argha/git-user/internal/cli/switch.go:219.47,221.4 1 0
github.com/divyo-argha/git-user/internal/cli/switch.go:222.8,223.58 1 1
github.com/divyo-argha/git-user/internal/cli/switch.go:223.58,226.4 2 0
github.com/divyo-argha/git-user/internal/cli/switch.go:228.3,228.57 1 1
github.com/divyo-argha/git-user/internal/cli/switch.go:228.57,230.4 1 0
github.com/divyo-argha/git-user/internal/cli/switch.go:232.3,232.47 1 1
github.com/divyo-argha/git-user/internal/cli/switch.go:232.47,233.78 1 1
github.com/divyo-argha/git-user/internal/cli/switch.go:233.78,235.5 1 0
github.com/divyo-argha/git-user/internal/cli/switch.go:236.9,238.4 1 1
github.com/divyo-argha/git-user/internal/cli/switch.go:240.3,240.47 1 1
github.com/divyo-argha/git-user/internal/cli/switch.go:240.47,241.37 1 1
github.com/divyo-argha/git-user/internal/cli/switch.go:241.37,243.5 1 1
github.com/divyo-argha/git-user/internal/cli/switch.go:245.3,245.39 1 1
github.com/divyo-argha/git-user/internal/cli/switch.go:245.39,247.4 1 1
github.com/divyo-argha/git-user/internal/cli/switch.go:249.3,249.48 1 1
github.com/divyo-argha/git-user/internal/cli/switch.go:249.48,252.4 2 0
github.com/divyo-argha/git-user/internal/cli/switch.go:254.3,254.44 1 1
github.com/divyo-argha/git-user/internal/cli/switch.go:254.44,257.4 2 0
github.com/divyo-argha/git-user/internal/cli/switch.go:259.3,260.47 2 1
github.com/divyo-argha/git-user/internal/cli/switch.go:260.47,262.4 1 1
github.com/divyo-argha/git-user/internal/cli/switch.go:265.2,265.58 1 1
github.com/divyo-argha/git-user/internal/cli/switch.go:265.58,266.65 1 0
github.com/divyo-argha/git-user/internal/cli/switch.go:266.65,269.4 2 0
github.com/divyo-argha/git-user/internal/cli/switch.go:269.9,271.4 1 0
github.com/divyo-argha/git-user/internal/cli/switch.go:272.8,272.30 1 1
github.com/divyo-argha/git-user/internal/cli/switch.go:272.30,274.3 1 1
github.com/divyo-argha/git-user/internal/cli/switch.go:276.2,276.20 1 1
github.com/divyo-argha/git-user/internal/cli/switch.go:276.20,279.34 3 1
github.com/divyo-argha/git-user/internal/cli/switch.go:279.34,281.56 2 1
github.com/divyo-argha/git-user/internal/cli/switch.go:281.56,283.10 2 0
github.com/divyo-argha/git-user/internal/cli/switch.go:287.3,287.15 1 1
github.com/divyo-argha/git-user/internal/cli/switch.go:287.15,291.65 3 0
github.com/divyo-argha/git-user/internal/cli/switch.go:291.65,293.5 1 0
github.com/divyo-argha/git-user/internal/cli/switch.go:297.2,297.12 1 1
github.com/divyo-argha/git-user/internal/cli/switch.go:300.92,306.17 4 1
github.com/divyo-argha/git-user/internal/cli/switch.go:306.17,308.17 2 0
github.com/divyo-argha/git-user/internal/cli/switch.go:308.17,310.4 1 0
github.com/divyo-argha/git-user/internal/cli/switch.go:311.3,311.18 1 0
github.com/divyo-argha/git-user/internal/cli/switch.go:311.18,314.4 2 0
github.com/divyo-argha/git-user/internal/cli/switch.go:317.2,317.51 1 1
github.com/divyo-argha/git-user/internal/cli/switch.go:317.51,320.3 2 0
github.com/divyo-argha/git-user/internal/cli/switch.go:322.2,322.12 1 1
github.com/divyo-argha/git-user/internal/cli/switch.go:322.12,324.15 2 1
github.com/divyo-argha/git-user/internal/cli/switch.go:324.15,326.4 1 1
github.com/divyo-argha/git-user/internal/cli/switch.go:329.2,337.16 4 1
github.com/divyo-argha/git-user/internal/cli/switch.go:337.16,339.3 1 0
github.com/divyo-argha/git-user/internal/cli/switch.go:341.2,343.13 2 1
github.com/divyo-argha/git-user/internal/cli/switch.go:344.9,346.17 2 1
github.com/divyo-argha/git-user/internal/cli/switch.go:346.17,348.9 2 0
github.com/divyo-argha/git-user/internal/cli/switch.go:350.3,350.20 1 1
github.com/divyo-argha/git-user/internal/cli/switch.go:352.9,354.34 2 1
github.com/divyo-argha/git-user/internal/cli/switch.go:354.34,356.47 2 1
github.com/divyo-argha/git-user/internal/cli/switch.go:356.47,359.5 2 1
github.com/divyo-argha/git-user/internal/cli/switch.go:359.10,361.5 1 0
github.com/divyo-argha/git-user/internal/cli/switch.go:364.9,365.32 1 1
github.com/divyo-argha/git-user/internal/cli/switch.go:368.2,368.22 1 1
github.com/divyo-argha/git-user/internal/cli/switch.go:368.22,369.60 1 1
github.com/divyo-argha/git-user/internal/cli/switch.go:369.60,371.4 1 0
github.com/divyo-argha/git-user/internal/cli/switch.go:372.3,373.111 2 1
github.com/divyo-argha/git-user/internal/cli/switch.go:373.111,374.71 1 1
github.com/divyo-argha/git-user/internal/cli/switch.go:374.71,376.5 1 0
github.com/divyo-argha/git-user/internal/cli/switch.go:376.10,378.5 1 1
github.com/divyo-argha/git-user/internal/cli/switch.go:379.9,381.4 1 0
github.com/divyo-argha/git-user/internal/cli/switch.go:384.2,384.43 1 1
github.com/divyo-argha/git-user/internal/cli/switch.go:384.43,386.3 1 0
github.com/divyo-argha/git-user/internal/cli/switch.go:388.2,390.22 3 1
github.com/divyo-argha/git-user/internal/cli/switch.go:390.22,392.3 1 1
github.com/divyo-argha/git-user/internal/cli/switch.go:393.2,395.12 2 1
github.com/divyo-argha/git-user/internal/cli/switch.go:398.32,400.16 2 1
github.com/divyo-argha/git-user/internal/cli/switch.go:400.16,403.3 2 0
github.com/divyo-argha/git-user/internal/cli/switch.go:405.2,405.27 1 1
github.com/divyo-argha/git-user/internal/cli/switch.go:405.27,409.3 3 0
github.com/divyo-argha/git-user/internal/cli/switch.go:411.2,412.35 2 1
github.com/divyo-argha/git-user/internal/cli/switch.go:412.35,414.3 1 1
github.com/divyo-argha/git-user/internal/cli/switch.go:416.2,416.51 1 1
github.com/divyo-argha/git-user/internal/cli/switch.go:416.51,419.3 2 0
github.com/divyo-argha/git-user/internal/cli/switch.go:421.2,421.24 1 1
github.com/divyo-argha/git-user/internal/cli/switch.go:421.24,422.57 1 0
github.com/divyo-argha/git-user/internal/cli/switch.go:422.57,424.4 1 0
github.com/divyo-argha/git-user/internal/cli/switch.go:425.8,427.3 1 1
github.com/divyo-argha/git-user/internal/cli/switch.go:429.2,429.46 1 1
github.com/divyo-argha/git-user/internal/cli/switch.go:429.46,430.28 1 0
github.com/divyo-argha/git-user/internal/cli/switch.go:430.28,432.4 1 0
github.com/divyo-argha/git-user/internal/cli/switch.go:432.9,434.4 1 0
github.com/divyo-argha/git-user/internal/cli/switch.go:435.8,437.3 1 1
github.com/divyo-argha/git-user/internal/cli/switch.go:439.2,439.25 1 1
github.com/divyo-argha/git-user/internal/cli/switch.go:439.25,440.47 1 1
github.com/divyo-argha/git-user/internal/cli/switch.go:440.47,441.37 1 1
github.com/divyo-argha/git-user/internal/cli/switch.go:441.37,443.5 1 0
github.com/divyo-argha/git-user/internal/cli/switch.go:447.2,448.43 2 1
github.com/divyo-argha/git-user/internal/cli/switch.go:448.43,451.3 2 0
github.com/divyo-argha/git-user/internal/cli/switch.go:453.2,454.35 2 1
github.com/divyo-argha/git-user/internal/cli/switch.go:454.35,457.3 2 0
github.com/divyo-argha/git-user/internal/cli/switch.go:458.2,458.24 1 1
github.com/divyo-argha/git-user/internal/cli/switch.go:458.24,460.3 1 0
github.com/divyo-argha/git-user/internal/cli/switch.go:461.2,464.12 3 1
github.com/divyo-argha/git-user/internal/cli/switch.go:472.62,473.27 1 1
github.com/divyo-argha/git-user/internal/cli/switch.go:473.27,475.3 1 1
github.com/divyo-argha/git-user/internal/cli/switch.go:476.2,476.23 1 1
github.com/divyo-argha/git-user/internal/cli/switch.go:476.23,478.3 1 1
github.com/divyo-argha/git-user/internal/cli/switch.go:479.2,479.40 1 1
github.com/divyo-argha/git-user/internal/cli/sync.go:17.35,19.16 2 1
github.com/divyo-argha/git-user/internal/cli/sync.go:19.16,22.3 2 0
github.com/divyo-argha/git-user/internal/cli/sync.go:24.2,28.51 3 1
github.com/divyo-argha/git-user/internal/cli/sync.go:28.51,33.47 4 1
github.com/divyo-argha/git-user/internal/cli/sync.go:33.47,36.4 2 0
github.com/divyo-argha/git-user/internal/cli/sync.go:38.3,39.34 2 1
github.com/divyo-argha/git-user/internal/cli/sync.go:39.34,42.4 2 0
github.com/divyo-argha/git-user/internal/cli/sync.go:44.3,45.37 2 1
github.com/divyo-argha/git-user/internal/cli/sync.go:45.37,48.4 2 0
github.com/divyo-argha/git-user/internal/cli/sync.go:50.3,51.42 2 1
github.com/divyo-argha/git-user/internal/cli/sync.go:51.42,54.4 2 0
github.com/divyo-argha/git-user/internal/cli/sync.go:56.3,57.23 2 1
github.com/divyo-argha/git-user/internal/cli/sync.go:57.23,59.4 1 0
github.com/divyo-argha/git-user/internal/cli/sync.go:61.3,62.28 2 1
github.com/divyo-argha/git-user/internal/cli/sync.go:62.28,64.4 1 0
github.com/divyo-argha/git-user/internal/cli/sync.go:67.3,67.81 1 1
github.com/divyo-argha/git-user/internal/cli/sync.go:67.81,69.4 1 0
github.com/divyo-argha/git-user/internal/cli/sync.go:71.3,75.44 2 1
github.com/divyo-argha/git-user/internal/cli/sync.go:75.44,78.4 2 0
github.com/divyo-argha/git-user/internal/cli/sync.go:81.3,82.52 2 1
github.com/divyo-argha/git-user/internal/cli/sync.go:82.52,85.4 2 0
github.com/divyo-argha/git-user/internal/cli/sync.go:88.3,92.17 1 1
github.com/divyo-argha/git-user/internal/cli/sync.go:92.17,95.4 2 0
github.com/divyo-argha/git-user/internal/cli/sync.go:97.3,97.46 1 1
github.com/divyo-argha/git-user/internal/cli/sync.go:100.2,105.36 4 1
github.com/divyo-argha/git-user/internal/cli/sync.go:105.36,108.37 2 0
github.com/divyo-argha/git-user/internal/cli/sync.go:108.37,111.4 2 0
github.com/divyo-argha/git-user/internal/cli/sync.go:115.2,116.60 2 1
github.com/divyo-argha/git-user/internal/cli/sync.go:116.60,118.66 2 0
github.com/divyo-argha/git-user/internal/cli/sync.go:118.66,121.4 2 0
github.com/divyo-argha/git-user/internal/cli/sync.go:122.3,125.40 4 0
github.com/divyo-argha/git-user/internal/cli/sync.go:125.40,128.4 2 0
github.com/divyo-argha/git-user/internal/cli/sync.go:129.3,129.41 1 0
github.com/divyo-argha/git-user/internal/cli/sync.go:130.8,133.3 1 1
github.com/divyo-argha/git-user/internal/cli/sync.go:135.2,138.47 3 1
github.com/divyo-argha/git-user/internal/cli/sync.go:138.47,141.17 2 1
github.com/divyo-argha/git-user/internal/cli/sync.go:141.17,143.18 2 1
github.com/divyo-argha/git-user/internal/cli/sync.go:143.18,146.5 2 0
github.com/divyo-argha/git-user/internal/cli/sync.go:151.2,152.39 2 1
github.com/divyo-argha/git-user/internal/cli/sync.go:152.39,154.22 2 1
github.com/divyo-argha/git-user/internal/cli/sync.go:154.22,157.31 2 1
github.com/divyo-argha/git-user/internal/cli/sync.go:157.31,160.31 3 0
github.com/divyo-argha/git-user/internal/cli/sync.go:160.31,162.6 1 0
github.com/divyo-argha/git-user/internal/cli/sync.go:165.4,166.21 2 1
github.com/divyo-argha/git-user/internal/cli/sync.go:166.21,168.5 1 0
github.com/divyo-argha/git-user/internal/cli/sync.go:169.4,170.70 2 1
github.com/divyo-argha/git-user/internal/cli/sync.go:171.9,173.56 1 0
github.com/divyo-argha/git-user/internal/cli/sync.go:173.56,176.31 3 0
github.com/divyo-argha/git-user/internal/cli/sync.go:176.31,178.6 1 0
github.com/divyo-argha/git-user/internal/cli/sync.go:179.5,181.72 3 0
github.com/divyo-argha/git-user/internal/cli/sync.go:186.2,186.21 1 1
github.com/divyo-argha/git-user/internal/cli/sync.go:186.21,187.44 1 1
github.com/divyo-argha/git-user/internal/cli/sync.go:187.44,190.4 2 0
github.com/divyo-argha/git-user/internal/cli/sync.go:194.2,195.32 2 1
github.com/divyo-argha/git-user/internal/cli/sync.go:195.32,196.21 1 1
github.com/divyo-argha/git-user/internal/cli/sync.go:196.21,198.22 2 1
github.com/divyo-argha/git-user/internal/cli/sync.go:198.22,200.19 2 0
github.com/divyo-argha/git-user/internal/cli/sync.go:200.19,203.6 2 0
github.com/divyo-argha/git-user/internal/cli/sync.go:205.4,205.49 1 1
github.com/divyo-argha/git-user/internal/cli/sync.go:209.2,210.16 2 1
github.com/divyo-argha/git-user/internal/cli/sync.go:210.16,213.3 2 0
github.com/divyo-argha/git-user/internal/cli/sync.go:215.2,215.70 1 1
github.com/divyo-argha/git-user/internal/cli/sync.go:215.70,218.3 2 0
github.com/divyo-argha/git-user/internal/cli/sync.go:221.2,226.71 5 1
github.com/divyo-argha/git-user/internal/cli/sync.go:226.71,228.3 1 0
github.com/divyo-argha/git-user/internal/cli/sync.go:228.8,230.3 1 1
github.com/divyo-argha/git-user/internal/cli/sync.go:232.2,232.12 1 1
github.com/divyo-argha/git-user/internal/cli/sync.go:235.55,236.25 1 1
github.com/divyo-argha/git-user/internal/cli/sync.go:236.25,239.35 3 1
github.com/divyo-argha/git-user/internal/cli/sync.go:239.35,241.4 1 0
github.com/divyo-argha/git-user/internal/cli/sync.go:243.2,243.12 1 1
github.com/divyo-argha/git-user/internal/cli/sync.go:246.52,250.2 3 1
github.com/divyo-argha/git-user/internal/cli/tui.go:12.21,14.2 1 0
github.com/divyo-argha/git-user/internal/cli/tui.go:17.43,19.2 1 0
github.com/divyo-argha/git-user/internal/cli/tui.go:24.42,26.16 2 0
github.com/divyo-argha/git-user/internal/cli/tui.go:26.16,28.3 1 0
github.com/divyo-argha/git-user/internal/cli/tui.go:30.2,30.61 1 0
github.com/divyo-argha/git-user/internal/cli/tui.go:30.61,32.3 1 0
github.com/divyo-argha/git-user/internal/cli/tui.go:33.2,33.12 1 0
github.com/divyo-argha/git-user/internal/cli/tui.go:38.41,40.16 2 0
github.com/divyo-argha/git-user/internal/cli/tui.go:40.16,42.3 1 0
github.com/divyo-argha/git-user/internal/cli/tui.go:44.2,44.33 1 0
github.com/divyo-argha/git-user/internal/cli/tui.go:44.33,45.49 1 0
github.com/divyo-argha/git-user/internal/cli/tui.go:45.49,47.4 1 0
github.com/divyo-argha/git-user/internal/cli/tui.go:48.3,48.14 1 0
github.com/divyo-argha/git-user/internal/cli/tui.go:51.2,53.32 3 0
github.com/divyo-argha/git-user/internal/cli/tui.go:53.32,54.55 1 0
github.com/divyo-argha/git-user/internal/cli/tui.go:54.55,56.4 1 0
github.com/divyo-argha/git-user/internal/cli/tui.go:58.2,58.22 1 0
github.com/divyo-argha/git-user/internal/cli/tui.go:58.22,61.3 2 0
github.com/divyo-argha/git-user/internal/cli/tui.go:62.2,62.14 1 0
github.com/divyo-argha/git-user/internal/cli/update.go:20.24,22.16 2 0
github.com/divyo-argha/git-user/internal/cli/update.go:22.16,24.3 1 0
github.com/divyo-argha/git-user/internal/cli/update.go:26.2,26.66 1 0
github.com/divyo-argha/git-user/internal/cli/update.go:26.66,28.3 1 0
github.com/divyo-argha/git-user/internal/cli/update.go:31.2,31.28 1 0
github.com/divyo-argha/git-user/internal/cli/update.go:31.28,33.3 1 0
github.com/divyo-argha/git-user/internal/cli/update.go:35.2,42.16 6 0
github.com/divyo-argha/git-user/internal/cli/update.go:42.16,44.3 1 0
github.com/divyo-argha/git-user/internal/cli/update.go:45.2,54.68 3 0
github.com/divyo-argha/git-user/internal/cli/update.go:54.68,56.3 1 0
github.com/divyo-argha/git-user/internal/cli/update.go:59.2,59.55 1 0
github.com/divyo-argha/git-user/internal/cli/update.go:59.55,62.3 2 0
github.com/divyo-argha/git-user/internal/cli/update.go:65.2,70.25 5 0
github.com/divyo-argha/git-user/internal/cli/update.go:70.25,72.3 1 0
github.com/divyo-argha/git-user/internal/cli/update.go:74.2,75.23 2 0
github.com/divyo-argha/git-user/internal/cli/update.go:75.23,77.3 1 0
github.com/divyo-argha/git-user/internal/cli/update.go:80.2,81.39 2 0
github.com/divyo-argha/git-user/internal/cli/update.go:81.39,83.90 2 0
github.com/divyo-argha/git-user/internal/cli/update.go:83.90,85.9 2 0
github.com/divyo-argha/git-user/internal/cli/update.go:88.2,88.23 1 0
github.com/divyo-argha/git-user/internal/cli/update.go:88.23,90.3 1 0
github.com/divyo-argha/git-user/internal/cli/update.go:93.2,94.16 2 0
github.com/divyo-argha/git-user/internal/cli/update.go:94.16,96.3 1 0
github.com/divyo-argha/git-user/internal/cli/update.go:97.2,102.59 5 0
github.com/divyo-argha/git-user/internal/cli/update.go:102.59,104.3 1 0
github.com/divyo-argha/git-user/internal/cli/update.go:107.2,108.16 2 0
github.com/divyo-argha/git-user/internal/cli/update.go:108.16,110.3 1 0
github.com/divyo-argha/git-user/internal/cli/update.go:111.2,114.50 2 0
github.com/divyo-argha/git-user/internal/cli/update.go:114.50,116.3 1 0
github.com/divyo-argha/git-user/internal/cli/update.go:119.2,120.56 2 0
github.com/divyo-argha/git-user/internal/cli/update.go:120.56,122.3 1 0
github.com/divyo-argha/git-user/internal/cli/update.go:124.2,124.55 1 0
github.com/divyo-argha/git-user/internal/cli/update.go:124.55,128.3 2 0
github.com/divyo-argha/git-user/internal/cli/update.go:131.2,134.12 3 0
github.com/divyo-argha/git-user/internal/cli/update.go:137.43,142.16 4 0
github.com/divyo-argha/git-user/internal/cli/update.go:142.16,144.3 1 0
github.com/divyo-argha/git-user/internal/cli/update.go:145.2,148.28 2 0
github.com/divyo-argha/git-user/internal/cli/update.go:148.28,150.3 1 0
github.com/divyo-argha/git-user/internal/cli/update.go:152.2,153.16 2 0
github.com/divyo-argha/git-user/internal/cli/update.go:153.16,155.3 1 0
github.com/divyo-argha/git-user/internal/cli/update.go:156.2,159.12 3 0
github.com/divyo-argha/git-user/internal/cli/update.go:164.68,166.16 2 0
github.com/divyo-argha/git-user/internal/cli/update.go:166.16,168.3 1 0
github.com/divyo-argha/git-user/internal/cli/update.go:169.2,172.16 3 0
github.com/divyo-argha/git-user/internal/cli/update.go:172.16,174.3 1 0
github.com/divyo-argha/git-user/internal/cli/update.go:175.2,178.6 3 0
github.com/divyo-argha/git-user/internal/cli/update.go:178.6,180.20 2 0
github.com/divyo-argha/git-user/internal/cli/update.go:180.20,181.9 1 0
github.com/divyo-argha/git-user/internal/cli/update.go:183.3,183.17 1 0
github.com/divyo-argha/git-user/internal/cli/update.go:183.17,185.4 1 0
github.com/divyo-argha/git-user/internal/cli/update.go:188.3,188.44 1 0
github.com/divyo-argha/git-user/internal/cli/update.go:188.44,190.18 2 0
github.com/divyo-argha/git-user/internal/cli/update.go:190.18,192.5 1 0
github.com/divyo-argha/git-user/internal/cli/update.go:193.4,193.46 1 0
github.com/divyo-argha/git-user/internal/cli/update.go:193.46,197.5 3 0
github.com/divyo-argha/git-user/internal/cli/update.go:198.4,199.26 2 0
github.com/divyo-argha/git-user/internal/cli/update.go:203.2,203.69 1 0
github.com/divyo-argha/git-user/internal/cli/update.go:206.30,212.52 5 0
github.com/divyo-argha/git-user/internal/cli/update.go:212.52,217.92 3 0
github.com/divyo-argha/git-user/internal/cli/update.go:217.92,218.56 1 0
github.com/divyo-argha/git-user/internal/cli/update.go:218.56,221.5 2 0
github.com/divyo-argha/git-user/internal/cli/update.go:225.2,227.51 3 0
github.com/divyo-argha/git-user/internal/cli/update.go:227.51,231.3 3 0
github.com/divyo-argha/git-user/internal/cli/update.go:233.2,234.12 2 0
github.com/divyo-argha/git-user/internal/cli/update.go:237.41,243.2 2 1
github.com/divyo-argha/git-user/internal/cli/update.go:245.45,250.20 5 1
github.com/divyo-argha/git-user/internal/cli/update.go:250.20,252.3 1 1
github.com/divyo-argha/git-user/internal/cli/update.go:253.2,253.20 1 1
github.com/divyo-argha/git-user/internal/cli/update.go:253.20,255.3 1 1
github.com/divyo-argha/git-user/internal/cli/update.go:256.2,256.20 1 1
github.com/divyo-argha/git-user/internal/cli/update.go:256.20,258.57 2 1
github.com/divyo-argha/git-user/internal/cli/update.go:258.57,260.4 1 1
github.com/divyo-argha/git-user/internal/cli/update.go:261.3,261.37 1 1
github.com/divyo-argha/git-user/internal/cli/update.go:263.2,263.28 1 1
github.com/divyo-argha/git-user/internal/cli/update.go:266.60,270.18 3 1
github.com/divyo-argha/git-user/internal/cli/update.go:270.18,272.3 1 1
github.com/divyo-argha/git-user/internal/cli/update.go:273.2,273.18 1 1
github.com/divyo-argha/git-user/internal/cli/update.go:273.18,275.3 1 1
github.com/divyo-argha/git-user/internal/cli/update.go:276.2,276.20 1 1
github.com/divyo-argha/git-user/internal/cli/utils.go:16.34,18.2 1 1
github.com/divyo-argha/git-user/internal/cli/utils.go:20.55,30.30 2 1
github.com/divyo-argha/git-user/internal/cli/utils.go:30.30,32.20 2 1
github.com/divyo-argha/git-user/internal/cli/utils.go:32.20,34.4 1 1
github.com/divyo-argha/git-user/internal/cli/utils.go:35.3,38.20 3 1
github.com/divyo-argha/git-user/internal/cli/utils.go:38.20,40.4 1 1
github.com/divyo-argha/git-user/internal/cli/utils.go:41.3,43.36 3 1
github.com/divyo-argha/git-user/internal/cli/utils.go:43.36,44.37 1 1
github.com/divyo-argha/git-user/internal/cli/utils.go:44.37,46.5 1 1
github.com/divyo-argha/git-user/internal/cli/utils.go:50.2,50.57 1 0
github.com/divyo-argha/git-user/internal/cli/utils.go:53.37,54.35 1 1
github.com/divyo-argha/git-user/internal/cli/utils.go:54.35,57.3 2 1
github.com/divyo-argha/git-user/internal/cli/utils.go:58.2,58.13 1 1
github.com/divyo-argha/git-user/internal/cli/utils.go:64.76,68.65 3 1
github.com/divyo-argha/git-user/internal/cli/utils.go:68.65,70.3 1 0
github.com/divyo-argha/git-user/internal/cli/utils.go:72.2,72.44 1 1
github.com/divyo-argha/git-user/internal/cli/utils.go:72.44,74.45 2 0
github.com/divyo-argha/git-user/internal/cli/utils.go:74.45,76.4 1 0
github.com/divyo-argha/git-user/internal/cli/utils.go:77.3,77.22 1 0
github.com/divyo-argha/git-user/internal/cli/utils.go:80.2,82.22 3 1
github.com/divyo-argha/git-user/internal/cli/utils.go:82.22,84.3 1 1
github.com/divyo-argha/git-user/internal/cli/utils.go:84.8,90.3 5 1
github.com/divyo-argha/git-user/internal/cli/utils.go:92.2,92.34 1 1
github.com/divyo-argha/git-user/internal/cli/utils.go:92.34,94.3 1 0
github.com/divyo-argha/git-user/internal/cli/utils.go:95.2,97.22 2 1
github.com/divyo-argha/git-user/internal/cli/utils.go:97.22,98.73 1 1
github.com/divyo-argha/git-user/internal/cli/utils.go:98.73,100.4 1 0
github.com/divyo-argha/git-user/internal/cli/utils.go:100.9,103.4 2 1
github.com/divyo-argha/git-user/internal/cli/utils.go:104.8,106.3 1 1
github.com/divyo-argha/git-user/internal/cli/utils.go:108.2,109.16 2 1
github.com/divyo-argha/git-user/internal/cli/utils.go:109.16,111.3 1 0
github.com/divyo-argha/git-user/internal/cli/utils.go:113.2,120.29 7 1
github.com/divyo-argha/git-user/internal/cli/utils.go:120.29,122.3 1 1
github.com/divyo-argha/git-user/internal/cli/utils.go:123.2,137.60 13 1
github.com/divyo-argha/git-user/internal/cli/utils.go:137.60,141.3 3 0
github.com/divyo-argha/git-user/internal/cli/utils.go:141.8,143.3 1 1
github.com/divyo-argha/git-user/internal/cli/utils.go:145.2,145.21 1 1
github.com/divyo-argha/git-user/internal/cli/utils.go:150.52,151.29 1 1
github.com/divyo-argha/git-user/internal/cli/utils.go:151.29,153.3 1 1
github.com/divyo-argha/git-user/internal/cli/utils.go:154.2,157.16 4 0
github.com/divyo-argha/git-user/internal/cli/utils.go:157.16,160.18 3 0
github.com/divyo-argha/git-user/internal/cli/utils.go:160.18,162.4 1 0
github.com/divyo-argha/git-user/internal/cli/utils.go:163.3,163.16 1 0
github.com/divyo-argha/git-user/internal/cli/utils.go:165.2,165.23 1 0
github.com/divyo-argha/git-user/internal/cli/utils.go:168.27,169.12 1 1
github.com/divyo-argha/git-user/internal/cli/utils.go:169.12,171.3 1 1
github.com/divyo-argha/git-user/internal/cli/utils.go:172.2,172.14 1 0
github.com/divyo-argha/git-user/internal/cli/utils.go:175.60,177.16 2 1
github.com/divyo-argha/git-user/internal/cli/utils.go:177.16,179.3 1 1
github.com/divyo-argha/git-user/internal/cli/utils.go:180.2,180.16 1 1
github.com/divyo-argha/git-user/internal/cli/utils.go:180.16,183.91 3 1
github.com/divyo-argha/git-user/internal/cli/utils.go:183.91,185.41 2 1
github.com/divyo-argha/git-user/internal/cli/utils.go:185.41,186.78 1 0
github.com/divyo-argha/git-user/internal/cli/utils.go:186.78,188.6 1 0
github.com/divyo-argha/git-user/internal/cli/utils.go:188.11,191.6 2 0
github.com/divyo-argha/git-user/internal/cli/utils.go:194.8,196.3 1 1
github.com/divyo-argha/git-user/internal/cli/utils.go:199.63,201.30 2 1
github.com/divyo-argha/git-user/internal/cli/utils.go:201.30,203.3 1 0
github.com/divyo-argha/git-user/internal/cli/utils.go:205.2,205.99 1 1
github.com/divyo-argha/git-user/internal/cli/utils.go:205.99,207.3 1 0
github.com/divyo-argha/git-user/internal/cli/utils.go:209.2,209.22 1 1
github.com/divyo-argha/git-user/internal/cli/utils.go:209.22,212.17 3 1
github.com/divyo-argha/git-user/internal/cli/utils.go:212.17,215.4 2 0
github.com/divyo-argha/git-user/internal/cli/utils.go:216.3,216.49 1 1
github.com/divyo-argha/git-user/internal/cli/utils.go:216.49,219.4 2 0
github.com/divyo-argha/git-user/internal/cli/utils.go:222.2,222.72 1 1
github.com/divyo-argha/git-user/internal/cli/utils.go:222.72,224.3 1 0
github.com/divyo-argha/git-user/internal/cli/utils.go:224.8,226.3 1 1
